"year","group_mode","group_purpose","odistrict","downtown","soma","n_beach_and_chinatown","western_market","mission_and_potrero","noe_and_glen_and_bernal","marina_and_n_heights","richmond","bayshore","outer_mission","hill_districts","sunset","south_bay","east_bay","north_bay"
"2050","drive","mandatory","Bayshore",4087.0,3522.0,1527.0,2320.0,7974.0,3061.0,1753.0,1095.0,15720.0,3677.0,2619.0,3805.0,20849.0,7369.0,1276.0
"2015","transit","discretionary","East Bay",8364.0,1433.0,1818.0,858.0,1002.0,270.0,611.0,202.0,224.0,215.0,153.0,341.0,850.0,84328.0,160.0
"2050","transit","discretionary","East Bay",14163.0,3921.0,2855.0,1401.0,2046.0,392.0,980.0,434.0,442.0,341.0,305.0,649.0,2498.0,136512.0,270.0
"2015","transit","discretionary","Marina/N. Heights",5345.0,608.0,1857.0,1774.0,673.0,326.0,2390.0,1030.0,127.0,245.0,259.0,704.0,226.0,628.0,261.0
"2050","drive","discretionary","East Bay",11560.0,12032.0,5675.0,5667.0,10852.0,2644.0,4278.0,2679.0,6347.0,3265.0,1970.0,5127.0,194456.0,7633995.0,80840.0
"2050","uber/lyft","discretionary","East Bay",365.0,401.0,233.0,49.0,92.0,6.0,24.0,2.0,9.0,4.0,4.0,12.0,217.0,99480.0,171.0
"2015","walk/bike","total","Downtown",126275.0,22989.0,34672.0,14954.0,9089.0,1269.0,11218.0,1524.0,674.0,341.0,475.0,1033.0,265.0,1.0,68.0
"2050","drive","discretionary","North Bay",3269.0,1630.0,2409.0,2900.0,2079.0,673.0,4128.0,3383.0,801.0,724.0,754.0,3310.0,3118.0,80588.0,1930724.0
"2015","walk/bike","discretionary","Western Market",10114.0,3159.0,2457.0,32373.0,6569.0,2047.0,9439.0,1907.0,176.0,175.0,1009.0,2204.0,65.0,0.0,9.0
"2015","walk/bike","discretionary","Noe/Glen/Bernal",581.0,337.0,147.0,2024.0,5227.0,10355.0,260.0,66.0,1834.0,1476.0,1460.0,353.0,140.0,0.0,3.0
"2050","walk/bike","discretionary","Outer Mission",133.0,129.0,47.0,206.0,533.0,1584.0,58.0,61.0,1652.0,19586.0,3401.0,3403.0,2821.0,0.0,1.0
"2050","transit","total","Downtown",33749.0,25413.0,17765.0,21543.0,39916.0,8972.0,15936.0,10173.0,13773.0,8585.0,6385.0,14327.0,25395.0,81253.0,5356.0
"2050","uber/lyft","total","Mission/Potrero",10002.0,12568.0,4040.0,3368.0,10389.0,1097.0,1460.0,282.0,1216.0,469.0,487.0,777.0,735.0,445.0,40.0
"2015","transit","total","Mission/Potrero",24911.0,5021.0,4227.0,3629.0,7778.0,2069.0,2005.0,721.0,2176.0,1657.0,2159.0,2330.0,3514.0,5147.0,381.0
"2050","transit","discretionary","Hill Districts",2532.0,605.0,397.0,798.0,753.0,396.0,341.0,211.0,241.0,635.0,555.0,1268.0,390.0,271.0,17.0
"2050","transit","mandatory","Richmond",6507.0,1429.0,1275.0,1374.0,988.0,190.0,1349.0,1588.0,254.0,190.0,572.0,1577.0,765.0,1302.0,176.0
"2015","total","discretionary","Richmond",8816.0,2398.0,3792.0,11942.0,3927.0,1859.0,13284.0,52557.0,1109.0,2230.0,3085.0,21384.0,7161.0,2466.0,3221.0
"2015","uber/lyft","total","East Bay",536.0,349.0,559.0,113.0,106.0,28.0,117.0,15.0,20.0,9.0,12.0,22.0,549.0,67528.0,215.0
"2050","uber/lyft","discretionary","Bayshore",632.0,896.0,300.0,181.0,795.0,241.0,67.0,10.0,1096.0,246.0,104.0,83.0,167.0,7.0,0.0
"2050","total","total","Outer Mission",15862.0,8353.0,3971.0,8367.0,18166.0,13321.0,4224.0,3989.0,22480.0,64595.0,22200.0,32031.0,54723.0,7617.0,1548.0
"2015","walk/bike","mandatory","Outer Mission",238.0,79.0,45.0,108.0,220.0,339.0,52.0,38.0,571.0,2642.0,1335.0,768.0,788.0,0.0,5.0
"2050","transit","total","North Bay",5820.0,1281.0,1363.0,536.0,563.0,68.0,738.0,257.0,111.0,85.0,96.0,369.0,274.0,1686.0,32765.0
"2015","walk/bike","total","Mission/Potrero",8862.0,7499.0,1818.0,8365.0,38793.0,6674.0,1585.0,327.0,2466.0,634.0,928.0,745.0,321.0,0.0,23.0
"2015","drive","mandatory","Outer Mission",2150.0,1386.0,754.0,1238.0,2539.0,1614.0,940.0,754.0,2896.0,4259.0,2725.0,3398.0,9982.0,2800.0,649.0
"2015","drive","total","N. Beach/Chinatown",14120.0,5434.0,14328.0,6886.0,7911.0,2169.0,11912.0,4233.0,3220.0,1743.0,1385.0,3775.0,8215.0,11903.0,5444.0
"2015","total","mandatory","Mission/Potrero",27106.0,10291.0,6869.0,8725.0,21964.0,5580.0,5093.0,2510.0,6723.0,3465.0,4266.0,5778.0,15768.0,14667.0,2924.0
"2050","transit","discretionary","Outer Mission",3782.0,934.0,568.0,737.0,1090.0,637.0,327.0,184.0,618.0,1427.0,639.0,1042.0,922.0,327.0,20.0
"2050","transit","mandatory","Bayshore",8042.0,2969.0,1481.0,891.0,2900.0,726.0,594.0,254.0,4550.0,831.0,1201.0,1398.0,2213.0,2010.0,80.0
"2050","transit","mandatory","East Bay",69386.0,18602.0,11658.0,4865.0,9486.0,1192.0,3994.0,1382.0,2118.0,1042.0,1121.0,2683.0,21517.0,317450.0,1428.0
"2050","total","total","SoMa",114665.0,110894.0,31303.0,31874.0,73857.0,9958.0,17930.0,7522.0,18737.0,8276.0,7573.0,13333.0,26364.0,48951.0,5301.0
"2015","walk/bike","discretionary","Richmond",556.0,126.0,210.0,1747.0,114.0,78.0,2628.0,20657.0,16.0,30.0,148.0,2653.0,32.0,0.0,27.0
"2015","transit","mandatory","North Bay",5651.0,1011.0,1284.0,326.0,320.0,59.0,544.0,172.0,66.0,40.0,59.0,176.0,126.0,1185.0,21815.0
"2050","total","discretionary","SoMa",71505.0,79616.0,18471.0,20464.0,48037.0,6169.0,9763.0,3832.0,11250.0,4920.0,3110.0,6212.0,10414.0,17498.0,1939.0
"2015","transit","discretionary","Hill Districts",1642.0,315.0,298.0,558.0,501.0,293.0,226.0,136.0,136.0,460.0,476.0,739.0,272.0,144.0,14.0
"2015","uber/lyft","mandatory","Bayshore",365.0,166.0,310.0,83.0,105.0,41.0,55.0,14.0,59.0,26.0,44.0,33.0,73.0,21.0,2.0
"2015","uber/lyft","discretionary","Richmond",421.0,127.0,330.0,471.0,97.0,32.0,402.0,794.0,6.0,12.0,59.0,355.0,23.0,0.0,12.0
"2050","total","mandatory","Bayshore",13385.0,7775.0,3486.0,3589.0,12552.0,4487.0,2535.0,1419.0,27149.0,5115.0,4215.0,5455.0,23811.0,9424.0,1364.0
"2050","walk/bike","mandatory","N. Beach/Chinatown",10983.0,2505.0,8529.0,1205.0,1146.0,123.0,2226.0,222.0,107.0,46.0,67.0,175.0,45.0,1.0,20.0
"2015","walk/bike","total","Bayshore",670.0,374.0,181.0,322.0,2428.0,2310.0,136.0,50.0,19381.0,1784.0,448.0,242.0,969.0,0.0,6.0
"2050","transit","mandatory","Mission/Potrero",27988.0,8750.0,4946.0,3293.0,9227.0,1379.0,2213.0,933.0,2795.0,1219.0,2359.0,2499.0,4738.0,9312.0,456.0
"2050","transit","discretionary","North Bay",1122.0,167.0,298.0,123.0,89.0,20.0,187.0,62.0,18.0,24.0,17.0,67.0,32.0,238.0,8001.0
"2015","uber/lyft","mandatory","Noe/Glen/Bernal",202.0,87.0,137.0,82.0,85.0,36.0,46.0,13.0,41.0,19.0,46.0,47.0,61.0,21.0,4.0
"2050","walk/bike","total","N. Beach/Chinatown",36375.0,7078.0,41530.0,4027.0,2749.0,286.0,9974.0,481.0,215.0,93.0,109.0,297.0,66.0,1.0,34.0
"2015","total","total","Noe/Glen/Bernal",16381.0,6385.0,4192.0,12607.0,24968.0,26706.0,5021.0,2680.0,14556.0,11588.0,10202.0,9507.0,15797.0,6334.0,1451.0
"2015","transit","discretionary","Western Market",7903.0,1424.0,1586.0,3623.0,1672.0,870.0,1667.0,1030.0,342.0,619.0,611.0,1730.0,499.0,899.0,126.0
"2015","drive","discretionary","Marina/N. Heights",9234.0,3080.0,8093.0,12562.0,6858.0,2555.0,20999.0,9339.0,2119.0,1954.0,2160.0,6533.0,5043.0,4008.0,4187.0
"2015","walk/bike","discretionary","East Bay",0.0,9.0,1.0,0.0,0.0,0.0,0.0,0.0,0.0,0.0,0.0,0.0,369.0,883040.0,538.0
"2050","transit","mandatory","Marina/N. Heights",9520.0,2707.0,2632.0,2260.0,2226.0,469.0,2422.0,1303.0,589.0,432.0,756.0,1461.0,1539.0,3819.0,511.0
"2015","walk/bike","mandatory","Hill Districts",306.0,113.0,72.0,364.0,387.0,555.0,115.0,159.0,268.0,1213.0,1783.0,1220.0,372.0,0.0,7.0
"2015","transit","mandatory","Bayshore",5265.0,1642.0,1256.0,586.0,1241.0,438.0,322.0,125.0,2131.0,579.0,610.0,527.0,1162.0,970.0,62.0
"2050","transit","total","East Bay",83549.0,22523.0,14513.0,6266.0,11532.0,1584.0,4974.0,1816.0,2560.0,1383.0,1426.0,3332.0,24015.0,453962.0,1698.0
"2015","drive","discretionary","Bayshore",5456.0,3901.0,2112.0,4168.0,13868.0,8624.0,2133.0,1052.0,32519.0,9746.0,3900.0,4410.0,16898.0,4256.0,644.0
"2015","uber/lyft","discretionary","Sunset",283.0,115.0,182.0,505.0,209.0,143.0,227.0,345.0,37.0,240.0,337.0,1682.0,186.0,6.0,2.0
"2050","total","discretionary","Marina/N. Heights",27842.0,9870.0,22109.0,29457.0,11583.0,3383.0,55693.0,15787.0,3291.0,2752.0,2973.0,9472.0,5708.0,5676.0,4755.0
"2050","walk/bike","mandatory","Marina/N. Heights",3907.0,1078.0,2129.0,3195.0,826.0,154.0,6031.0,1099.0,102.0,65.0,152.0,567.0,88.0,0.0,53.0
"2015","uber/lyft","discretionary","Marina/N. Heights",3147.0,777.0,3215.0,1891.0,573.0,158.0,2807.0,412.0,56.0,27.0,80.0,223.0,31.0,25.0,7.0
"2050","walk/bike","discretionary","Western Market",12555.0,6548.0,2930.0,36905.0,8043.0,2172.0,11335.0,2082.0,261.0,226.0,1075.0,2480.0,91.0,0.0,20.0
"2015","uber/lyft","total","South Bay",434.0,227.0,359.0,183.0,216.0,106.0,139.0,46.0,161.0,364.0,174.0,375.0,60843.0,619.0,6.0
"2050","drive","discretionary","Sunset",5458.0,4037.0,2379.0,13957.0,10667.0,7212.0,7418.0,21329.0,7156.0,19588.0,19469.0,107368.0,43654.0,5045.0,3416.0
"2050","walk/bike","discretionary","N. Beach/Chinatown",25392.0,4573.0,33001.0,2822.0,1603.0,163.0,7748.0,259.0,108.0,47.0,42.0,122.0,21.0,0.0,14.0
"2050","drive","mandatory","Western Market",5150.0,3760.0,2347.0,6590.0,5563.0,1816.0,5000.0,3275.0,2272.0,1315.0,1807.0,5062.0,7059.0,6102.0,2684.0
"2015","drive","mandatory","Western Market",5388.0,2958.0,2315.0,5622.0,4451.0,1785.0,4533.0,2838.0,1673.0,1195.0,1703.0,4054.0,6309.0,5677.0,2494.0
"2050","transit","discretionary","Downtown",15652.0,11886.0,8691.0,9590.0,13156.0,4200.0,7082.0,4273.0,6304.0,3766.0,2569.0,5854.0,4173.0,14746.0,1082.0
"2015","drive","total","Noe/Glen/Bernal",5834.0,3830.0,2206.0,8209.0,15840.0,12945.0,3717.0,2310.0,11094.0,8637.0,6987.0,7797.0,14405.0,5306.0,1370.0
"2050","transit","total","Mission/Potrero",41049.0,12830.0,7033.0,5718.0,14723.0,2864.0,3287.0,1435.0,4880.0,2466.0,3224.0,3953.0,5893.0,11536.0,574.0
"2015","walk/bike","total","Hill Districts",495.0,196.0,116.0,1310.0,894.0,1957.0,255.0,329.0,471.0,3619.0,7631.0,4143.0,666.0,0.0,9.0
"2015","transit","mandatory","Downtown",17414.0,5017.0,9543.0,12348.0,16118.0,5149.0,8422.0,5441.0,5038.0,4402.0,3726.0,7488.0,20044.0,46397.0,5209.0
"2050","drive","discretionary","Hill Districts",2227.0,2004.0,972.0,5422.0,6544.0,5853.0,2281.0,3220.0,5753.0,11982.0,11878.0,19346.0,14244.0,1935.0,768.0
"2015","uber/lyft","total","Downtown",33535.0,10236.0,18433.0,5243.0,4403.0,558.0,4928.0,772.0,669.0,207.0,318.0,701.0,445.0,622.0,63.0
"2050","drive","mandatory","East Bay",13871.0,11961.0,6380.0,6233.0,12630.0,2788.0,5712.0,3310.0,7259.0,2893.0,2426.0,6598.0,239381.0,2988994.0,86252.0
"2015","drive","total","South Bay",19429.0,13076.0,8543.0,14508.0,27705.0,14327.0,10458.0,11677.0,29858.0,37314.0,18874.0,47349.0,7041942.0,359538.0,9054.0
"2050","uber/lyft","mandatory","Outer Mission",239.0,228.0,96.0,62.0,136.0,28.0,47.0,14.0,54.0,67.0,124.0,131.0,111.0,13.0,1.0
"2015","uber/lyft","total","Bayshore",643.0,389.0,494.0,192.0,458.0,220.0,106.0,18.0,617.0,183.0,103.0,75.0,156.0,25.0,2.0
"2015","transit","mandatory","Richmond",6070.0,970.0,1136.0,910.0,495.0,135.0,1091.0,1383.0,127.0,115.0,550.0,1133.0,402.0,779.0,158.0
"2015","drive","discretionary","Mission/Potrero",11646.0,9538.0,5364.0,14434.0,38446.0,12794.0,6633.0,3504.0,14118.0,7711.0,5151.0,7584.0,14857.0,8093.0,1831.0
"2050","total","discretionary","Sunset",12281.0,6029.0,3740.0,18994.0,12881.0,8418.0,9239.0,26201.0,7745.0,24479.0,25644.0,173366.0,46287.0,5674.0,3509.0
"2050","transit","discretionary","Bayshore",6634.0,1618.0,905.0,578.0,1812.0,567.0,287.0,93.0,2408.0,642.0,258.0,430.0,577.0,420.0,13.0
"2050","uber/lyft","total","Sunset",1441.0,1313.0,728.0,995.0,752.0,252.0,479.0,622.0,147.0,651.0,733.0,3797.0,696.0,46.0,17.0
"2050","uber/lyft","mandatory","North Bay",132.0,111.0,118.0,44.0,43.0,2.0,59.0,11.0,2.0,3.0,4.0,11.0,9.0,211.0,4486.0
"2050","total","discretionary","Mission/Potrero",43683.0,47261.0,12831.0,30870.0,131493.0,23674.0,11388.0,5435.0,32066.0,13517.0,8462.0,13207.0,23428.0,13566.0,2353.0
"2015","uber/lyft","total","Noe/Glen/Bernal",556.0,292.0,334.0,487.0,646.0,522.0,193.0,48.0,217.0,211.0,221.0,178.0,119.0,26.0,6.0
"2050","walk/bike","total","Mission/Potrero",13282.0,19718.0,2541.0,10116.0,64673.0,6916.0,1954.0,390.0,3883.0,877.0,1064.0,1017.0,496.0,0.0,19.0
"2050","transit","discretionary","South Bay",4312.0,1022.0,657.0,547.0,1019.0,392.0,294.0,152.0,530.0,860.0,377.0,946.0,103804.0,2567.0,37.0
"2050","drive","total","Mission/Potrero",23807.0,27874.0,9839.0,23476.0,81360.0,19616.0,11819.0,6730.0,34296.0,14632.0,9516.0,16019.0,38839.0,23801.0,4834.0
"2050","walk/bike","total","Downtown",137582.0,39272.0,34777.0,17261.0,13991.0,1204.0,11248.0,1379.0,924.0,399.0,524.0,1060.0,341.0,2.0,71.0
"2050","total","discretionary","Outer Mission",7934.0,4820.0,2139.0,6238.0,13121.0,10850.0,2682.0,2831.0,17312.0,55177.0,16434.0,24153.0,39181.0,3607.0,763.0
"2015","transit","total","Hill Districts",5590.0,1378.0,1278.0,2064.0,2120.0,933.0,834.0,659.0,749.0,1749.0,1475.0,2390.0,1622.0,1217.0,70.0
"2015","walk/bike","mandatory","Downtown",35456.0,6961.0,10710.0,4787.0,3224.0,670.0,4183.0,837.0,350.0,220.0,291.0,669.0,189.0,1.0,50.0
"2050","uber/lyft","total","Marina/N. Heights",6761.0,3774.0,5565.0,3277.0,1473.0,246.0,3996.0,705.0,157.0,114.0,150.0,473.0,185.0,175.0,71.0
"2050","transit","discretionary","Marina/N. Heights",7122.0,1334.0,2196.0,2074.0,1075.0,426.0,2861.0,1399.0,289.0,328.0,346.0,1030.0,332.0,1123.0,230.0
"2015","drive","discretionary","Western Market",9682.0,4917.0,4344.0,23111.0,14475.0,6568.0,12341.0,9067.0,4245.0,4184.0,4926.0,12030.0,8214.0,4992.0,2753.0
"2015","transit","total","Bayshore",8231.0,2229.0,1683.0,889.0,2059.0,792.0,447.0,164.0,3323.0,979.0,764.0,724.0,1504.0,1142.0,83.0
"2050","drive","total","Outer Mission",5892.0,5154.0,2176.0,6506.0,14529.0,10023.0,3224.0,3453.0,18478.0,38202.0,14925.0,24304.0,48023.0,6238.0,1469.0
"2015","transit","mandatory","Sunset",8147.0,1568.0,1514.0,1749.0,1418.0,547.0,1017.0,1110.0,562.0,1179.0,1737.0,4784.0,1867.0,1312.0,167.0
"2050","uber/lyft","mandatory","Richmond",561.0,411.0,310.0,186.0,106.0,14.0,165.0,85.0,14.0,15.0,26.0,109.0,43.0,18.0,12.0
"2015","total","discretionary","N. Beach/Chinatown",53042.0,10013.0,59153.0,10404.0,9439.0,2268.0,21048.0,4001.0,2842.0,1421.0,1158.0,3068.0,4318.0,7458.0,2898.0
"2050","transit","mandatory","Hill Districts",4218.0,2562.0,875.0,1702.0,2407.0,741.0,765.0,569.0,1187.0,1254.0,1113.0,2373.0,1630.0,1084.0,75.0
"2015","transit","total","Western Market",20890.0,3720.0,3946.0,5795.0,3605.0,1497.0,3443.0,1895.0,894.0,1070.0,2075.0,3444.0,1944.0,3641.0,427.0
"2015","total","mandatory","North Bay",11084.0,3534.0,4399.0,2934.0,3061.0,808.0,4921.0,2728.0,1318.0,711.0,1032.0,3362.0,6575.0,69530.0,759032.0
"2050","drive","total","Western Market",15517.0,11276.0,7152.0,31586.0,23819.0,8372.0,18639.0,13197.0,8276.0,6451.0,7388.0,19144.0,16346.0,11641.0,5731.0
"2015","total","mandatory","Bayshore",8932.0,3930.0,2791.0,2558.0,6948.0,3429.0,1657.0,950.0,14835.0,4038.0,2764.0,3038.0,14537.0,6793.0,1262.0
"2050","drive","total","Marina/N. Heights",14150.0,7405.0,11672.0,18490.0,12028.0,3677.0,27413.0,14283.0,4500.0,3332.0,3496.0,11473.0,10866.0,10316.0,8515.0
"2015","uber/lyft","discretionary","North Bay",7.0,7.0,23.0,8.0,0.0,1.0,9.0,10.0,0.0,1.0,0.0,3.0,0.0,112.0,12496.0
"2015","walk/bike","discretionary","South Bay",66.0,37.0,25.0,51.0,117.0,124.0,21.0,40.0,572.0,2290.0,269.0,612.0,627311.0,375.0,12.0
"2015","uber/lyft","discretionary","Outer Mission",91.0,54.0,45.0,96.0,149.0,200.0,27.0,21.0,166.0,670.0,262.0,241.0,290.0,2.0,0.0
"2050","walk/bike","mandatory","South Bay",249.0,137.0,54.0,139.0,333.0,170.0,87.0,61.0,611.0,906.0,376.0,842.0,318142.0,735.0,5.0
"2050","total","discretionary","Bayshore",16016.0,10881.0,4537.0,6884.0,30863.0,13922.0,3272.0,1642.0,95207.0,17483.0,6327.0,7911.0,31359.0,6681.0,825.0
"2050","walk/bike","discretionary","Mission/Potrero",8350.0,14665.0,1520.0,7876.0,52508.0,5499.0,1175.0,196.0,2603.0,568.0,602.0,513.0,168.0,0.0,12.0
"2015","uber/lyft","discretionary","Mission/Potrero",2745.0,1887.0,1364.0,1331.0,2639.0,584.0,571.0,94.0,311.0,149.0,154.0,207.0,92.0,34.0,0.0
"2050","uber/lyft","total","Outer Mission",485.0,516.0,201.0,224.0,476.0,251.0,114.0,50.0,292.0,1080.0,508.0,615.0,500.0,19.0,1.0
"2050","drive","total","South Bay",20640.0,17503.0,9091.0,16606.0,39074.0,16414.0,11141.0,13160.0,50374.0,47804.0,22624.0,66543.0,9989059.0,434626.0,9664.0
"2015","drive","mandatory","SoMa",4941.0,3607.0,2146.0,3038.0,4515.0,1411.0,2351.0,1480.0,1819.0,1285.0,1015.0,2197.0,6962.0,9747.0,2394.0
"2050","drive","discretionary","Mission/Potrero",16171.0,20109.0,6798.0,18029.0,65146.0,15763.0,8206.0,4571.0,26558.0,11382.0,6691.0,10816.0,21888.0,11236.0,2219.0
"2015","walk/bike","discretionary","Mission/Potrero",5660.0,5543.0,1065.0,6503.0,31714.0,5340.0,969.0,146.0,1663.0,409.0,551.0,386.0,142.0,0.0,8.0
"2015","walk/bike","discretionary","Marina/N. Heights",6936.0,935.0,7461.0,9283.0,921.0,231.0,27762.0,2794.0,58.0,46.0,161.0,527.0,21.0,0.0,25.0
"2050","uber/lyft","total","Noe/Glen/Bernal",964.0,1171.0,441.0,614.0,1061.0,596.0,249.0,58.0,307.0,235.0,278.0,249.0,154.0,42.0,5.0
"2050","drive","discretionary","N. Beach/Chinatown",10500.0,5519.0,11563.0,4969.0,6888.0,1509.0,8501.0,2879.0,3265.0,1436.0,973.0,2387.0,4618.0,5920.0,2602.0
"2050","transit","total","Bayshore",14676.0,4587.0,2386.0,1469.0,4712.0,1293.0,881.0,347.0,6958.0,1473.0,1459.0,1828.0,2790.0,2430.0,93.0
"2050","transit","total","Richmond",10863.0,2172.0,2096.0,2674.0,1506.0,346.0,2600.0,4140.0,362.0,376.0,797.0,2912.0,931.0,1701.0,255.0
"2050","uber/lyft","total","Western Market",8328.0,5750.0,3688.0,5893.0,3269.0,613.0,3251.0,836.0,328.0,236.0,436.0,985.0,347.0,215.0,61.0
"2050","walk/bike","discretionary","SoMa",26414.0,36839.0,4007.0,6130.0,14524.0,618.0,1592.0,197.0,394.0,111.0,148.0,214.0,71.0,225.0,18.0
"2050","transit","total","Sunset",15187.0,4476.0,2740.0,4536.0,3864.0,1375.0,2432.0,2838.0,1743.0,2569.0,3659.0,14649.0,4671.0,3250.0,360.0
"2050","total","discretionary","Downtown",173649.0,73485.0,60930.0,39515.0,44632.0,9354.0,28573.0,10882.0,16225.0,8169.0,5384.0,12755.0,16149.0,27643.0,4854.0
"2015","walk/bike","total","North Bay",63.0,10.0,28.0,26.0,26.0,3.0,49.0,43.0,6.0,8.0,9.0,32.0,18.0,898.0,370756.0
"2050","transit","mandatory","South Bay",22108.0,6492.0,3645.0,2018.0,4806.0,811.0,1582.0,728.0,2224.0,1485.0,1660.0,3731.0,317691.0,20730.0,231.0
"2015","drive","total","Sunset",8831.0,4744.0,3846.0,15988.0,11149.0,7735.0,9730.0,22605.0,6604.0,16092.0,18270.0,91286.0,48141.0,9422.0,5955.0
"2015","walk/bike","discretionary","Hill Districts",189.0,83.0,44.0,946.0,507.0,1402.0,140.0,170.0,203.0,2406.0,5848.0,2923.0,294.0,0.0,2.0
"2015","transit","discretionary","Richmond",2994.0,356.0,689.0,964.0,242.0,87.0,977.0,1975.0,46.0,116.0,135.0,920.0,109.0,213.0,72.0
"2015","transit","total","Noe/Glen/Bernal",8749.0,1632.0,1356.0,1371.0,1909.0,1244.0,667.0,214.0,775.0,905.0,977.0,958.0,993.0,1002.0,70.0
"2050","transit","mandatory","N. Beach/Chinatown",8716.0,3376.0,3312.0,2318.0,4691.0,856.0,2503.0,1166.0,1385.0,845.0,786.0,1670.0,3542.0,11308.0,962.0
"2050","uber/lyft","total","Downtown",54843.0,30175.0,24616.0,8967.0,10277.0,1090.0,7179.0,1345.0,1511.0,547.0,700.0,1551.0,1414.0,1662.0,199.0
"2050","drive","total","Bayshore",12448.0,11496.0,4769.0,8218.0,33686.0,14320.0,4606.0,2609.0,81520.0,18690.0,8359.0,11076.0,50502.0,13623.0,2082.0
"2015","transit","total","N. Beach/Chinatown",16504.0,2805.0,7444.0,3906.0,4179.0,1305.0,4275.0,1766.0,1637.0,1094.0,1187.0,2031.0,3746.0,10183.0,1489.0
"2050","walk/bike","discretionary","Noe/Glen/Bernal",592.0,632.0,153.0,2058.0,5546.0,10626.0,213.0,76.0,1982.0,1669.0,1658.0,461.0,163.0,0.0,3.0
"2015","uber/lyft","discretionary","Noe/Glen/Bernal",354.0,205.0,197.0,405.0,561.0,486.0,147.0,35.0,176.0,192.0,175.0,131.0,58.0,5.0,2.0
"2015","drive","mandatory","Mission/Potrero",5870.0,4491.0,2391.0,4531.0,9886.0,3274.0,2911.0,1809.0,4601.0,2425.0,2215.0,3895.0,12734.0,10420.0,2586.0
"2015","total","total","SoMa",55528.0,34706.0,17069.0,18379.0,29548.0,6467.0,10291.0,5080.0,8837.0,5037.0,3939.0,7517.0,18008.0,27286.0,4915.0
"2015","drive","total","Western Market",15070.0,7875.0,6659.0,28733.0,18926.0,8353.0,16874.0,11905.0,5918.0,5379.0,6629.0,16084.0,14523.0,10669.0,5247.0
"2015","drive","mandatory","South Bay",10124.0,7393.0,4686.0,6460.0,13106.0,5688.0,5463.0,4964.0,13018.0,10021.0,7579.0,17240.0,2238309.0,200196.0,6155.0
"2050","uber/lyft","mandatory","Sunset",860.0,810.0,431.0,327.0,333.0,61.0,202.0,123.0,72.0,144.0,163.0,566.0,267.0,42.0,10.0
"2050","total","total","Bayshore",29401.0,18656.0,8023.0,10473.0,43415.0,18409.0,5807.0,3061.0,122356.0,22598.0,10542.0,13366.0,55170.0,16105.0,2189.0
"2050","drive","mandatory","SoMa",6628.0,7118.0,2853.0,3771.0,7709.0,1636.0,2722.0,1696.0,3314.0,1600.0,1257.0,2902.0,8191.0,11878.0,2192.0
"2050","walk/bike","mandatory","Noe/Glen/Bernal",580.0,318.0,146.0,537.0,1449.0,1508.0,169.0,50.0,722.0,375.0,558.0,294.0,167.0,0.0,4.0
"2015","total","mandatory","South Bay",31489.0,11963.0,8370.0,8147.0,16203.0,6550.0,6713.0,5455.0,14659.0,11930.0,9412.0,19908.0,2646058.0,208235.0,6281.0
"2015","drive","discretionary","N. Beach/Chinatown",9228.0,3259.0,10551.0,4566.0,5487.0,1381.0,8354.0,2728.0,2115.0,988.0,748.0,2122.0,3725.0,5272.0,2559.0
"2015","drive","total","Downtown",25982.0,12987.0,14552.0,16043.0,17844.0,6057.0,15544.0,8604.0,8519.0,5092.0,3813.0,9018.0,19263.0,26155.0,8626.0
"2015","walk/bike","mandatory","Sunset",652.0,166.0,149.0,838.0,378.0,230.0,417.0,913.0,144.0,737.0,1120.0,7659.0,607.0,0.0,24.0
"2015","drive","mandatory","Sunset",4036.0,2287.0,1744.0,4268.0,3865.0,2096.0,3339.0,5207.0,2301.0,3402.0,4586.0,17199.0,17028.0,5512.0,3065.0
"2015","uber/lyft","mandatory","N. Beach/Chinatown",5589.0,1758.0,3451.0,905.0,1035.0,176.0,1306.0,224.0,306.0,63.0,134.0,270.0,303.0,502.0,85.0
"2050","uber/lyft","total","N. Beach/Chinatown",23231.0,9979.0,19275.0,3790.0,4097.0,461.0,5635.0,763.0,717.0,222.0,325.0,739.0,743.0,909.0,154.0
"2015","total","discretionary","North Bay",4064.0,1386.0,2665.0,2609.0,1827.0,623.0,4088.0,3085.0,636.0,681.0,746.0,2868.0,2851.0,63886.0,1815027.0
"2050","drive","total","East Bay",25431.0,23993.0,12055.0,11900.0,23482.0,5432.0,9990.0,5989.0,13606.0,6158.0,4396.0,11725.0,433837.0,10622989.0,167092.0
"2015","total","mandatory","Outer Mission",7272.0,2460.0,1676.0,1846.0,3609.0,2330.0,1295.0,932.0,4023.0,7850.0,5325.0,5345.0,11936.0,3427.0,701.0
"2050","walk/bike","discretionary","Richmond",536.0,178.0,221.0,1956.0,185.0,64.0,2998.0,24088.0,25.0,53.0,163.0,3074.0,34.0,0.0,19.0
"2050","drive","total","SoMa",20632.0,26616.0,8573.0,11597.0,28322.0,5237.0,7295.0,4152.0,11562.0,5111.0,3318.0,7043.0,17213.0,24274.0,3914.0
"2050","total","mandatory","SoMa",43160.0,31278.0,12832.0,11410.0,25820.0,3789.0,8167.0,3690.0,7487.0,3356.0,4463.0,7121.0,15950.0,31453.0,3362.0
"2050","total","total","Sunset",27159.0,13322.0,7910.0,27907.0,21565.0,12097.0,15414.0,35466.0,13175.0,32263.0,35693.0,218512.0,74758.0,14982.0,7601.0
"2015","transit","total","South Bay",23484.0,4820.0,3799.0,1839.0,3438.0,950.0,1287.0,511.0,1513.0,1672.0,1666.0,2371.0,230568.0,7978.0,142.0
"2015","transit","discretionary","North Bay",766.0,94.0,254.0,85.0,60.0,11.0,178.0,62.0,13.0,23.0,16.0,39.0,20.0,138.0,6152.0
"2015","total","mandatory","Marina/N. Heights",20298.0,4867.0,9393.0,9392.0,5166.0,1794.0,14362.0,5572.0,1632.0,1311.0,1863.0,4774.0,6499.0,8254.0,4751.0
"2015","walk/bike","mandatory","North Bay",51.0,5.0,18.0,13.0,17.0,1.0,27.0,22.0,2.0,6.0,7.0,23.0,7.0,372.0,83836.0
"2050","drive","total","Sunset",9453.0,6988.0,4170.0,19070.0,15970.0,9741.0,11324.0,27789.0,10963.0,24551.0,25315.0,132508.0,67307.0,11685.0,7181.0
"2050","uber/lyft","discretionary","Western Market",5979.0,3918.0,2517.0,5136.0,2485.0,479.0,2588.0,659.0,177.0,168.0,281.0,668.0,87.0,49.0,11.0
"2050","uber/lyft","discretionary","Noe/Glen/Bernal",576.0,766.0,268.0,468.0,885.0,560.0,182.0,38.0,247.0,210.0,203.0,187.0,76.0,8.0,2.0
"2015","total","discretionary","Outer Mission",5705.0,2633.0,1439.0,4859.0,8683.0,9170.0,2203.0,2173.0,11526.0,41262.0,12351.0,15001.0,30705.0,2932.0,695.0
"2015","walk/bike","discretionary","North Bay",12.0,5.0,10.0,13.0,9.0,2.0,22.0,21.0,4.0,2.0,2.0,9.0,11.0,526.0,286920.0
"2015","walk/bike","mandatory","Western Market",4730.0,1399.0,1100.0,5127.0,1926.0,509.0,2703.0,622.0,177.0,122.0,358.0,886.0,123.0,0.0,16.0
"2050","drive","mandatory","N. Beach/Chinatown",4890.0,2831.0,3804.0,2395.0,3023.0,744.0,3385.0,1504.0,1448.0,728.0,616.0,1737.0,4284.0,6400.0,2504.0
"2015","uber/lyft","discretionary","Western Market",3679.0,1309.0,1764.0,3656.0,1360.0,381.0,1860.0,472.0,120.0,85.0,232.0,531.0,46.0,24.0,7.0
"2015","drive","discretionary","Richmond",4845.0,1789.0,2563.0,8760.0,3474.0,1662.0,9277.0,29131.0,1041.0,2072.0,2743.0,17456.0,6997.0,2253.0,3110.0
"2015","total","total","Western Market",55732.0,17879.0,16767.0,76112.0,32764.0,12861.0,34750.0,16916.0,7382.0,6865.0,10418.0,23348.0,16817.0,14426.0,5732.0
"2050","uber/lyft","discretionary","Mission/Potrero",6101.0,8407.0,2426.0,2540.0,8343.0,927.0,933.0,166.0,820.0,320.0,304.0,424.0,217.0,106.0,4.0
"2015","total","discretionary","Downtown",146239.0,36492.0,53863.0,32605.0,28908.0,7801.0,25561.0,9355.0,9178.0,5772.0,4121.0,9374.0,12428.0,20093.0,4412.0
"2050","transit","total","SoMa",26272.0,10113.0,6106.0,6128.0,13084.0,2517.0,3904.0,2095.0,4504.0,2378.0,3163.0,4350.0,7320.0,22459.0,1206.0
"2015","total","discretionary","Hill Districts",4032.0,1729.0,1182.0,6577.0,6347.0,7206.0,2520.0,3073.0,4204.0,12436.0,16230.0,17599.0,12051.0,1883.0,768.0
"2015","total","discretionary","Marina/N. Heights",24662.0,5400.0,20626.0,25510.0,9025.0,3270.0,53958.0,13575.0,2360.0,2272.0,2660.0,7987.0,5321.0,4661.0,4480.0
"2050","uber/lyft","total","South Bay",1250.0,1512.0,719.0,347.0,754.0,165.0,193.0,54.0,341.0,529.0,276.0,702.0,112899.0,930.0,15.0
"2050","transit","total","Noe/Glen/Bernal",9261.0,2520.0,1652.0,1631.0,2702.0,1275.0,879.0,343.0,1256.0,1119.0,1142.0,1429.0,1278.0,1555.0,61.0
"2015","uber/lyft","total","Sunset",653.0,246.0,433.0,723.0,326.0,188.0,344.0,426.0,80.0,326.0,441.0,1987.0,356.0,30.0,11.0
"2015","drive","total","Richmond",8362.0,3268.0,4134.0,11646.0,5349.0,2344.0,12797.0,35224.0,1830.0,2801.0,3949.0,22726.0,11917.0,5324.0,5669.0
"2050","uber/lyft","discretionary","N. Beach/Chinatown",16367.0,6111.0,15572.0,2584.0,2419.0,283.0,4083.0,441.0,332.0,114.0,115.0,305.0,122.0,243.0,24.0
"2015","transit","mandatory","N. Beach/Chinatown",9321.0,1649.0,3592.0,2261.0,2706.0,779.0,2252.0,1052.0,1189.0,726.0,900.0,1381.0,3222.0,8111.0,1186.0
"2015","total","discretionary","Sunset",9013.0,3320.0,3010.0,15827.0,8615.0,6518.0,7794.0,21377.0,4606.0,15088.0,17580.0,113741.0,32414.0,4243.0,2945.0
"2050","transit","mandatory","Outer Mission",5302.0,1492.0,927.0,572.0,1217.0,459.0,440.0,189.0,828.0,1058.0,1174.0,1522.0,1531.0,1033.0,55.0
"2050","walk/bike","mandatory","Hill Districts",297.0,163.0,69.0,394.0,449.0,550.0,156.0,137.0,332.0,1463.0,1990.0,1715.0,411.0,0.0,4.0
"2015","total","mandatory","East Bay",63548.0,19258.0,15438.0,8625.0,14864.0,3544.0,8397.0,3872.0,6845.0,3377.0,3771.0,6857.0,211263.0,2578959.0,68870.0
"2050","transit","mandatory","Downtown",18097.0,13527.0,9074.0,11953.0,26760.0,4772.0,8854.0,5900.0,7469.0,4819.0,3816.0,8473.0,21222.0,66507.0,4274.0
"2050","drive","mandatory","South Bay",9416.0,8559.0,4384.0,7257.0,17636.0,6349.0,5676.0,5807.0,20715.0,12936.0,8606.0,23854.0,3041023.0,236468.0,6489.0
"2050","drive","discretionary","South Bay",11224.0,8944.0,4707.0,9349.0,21438.0,10065.0,5465.0,7353.0,29659.0,34868.0,14018.0,42689.0,6948036.0,198158.0,3175.0
"2050","total","mandatory","Western Market",25181.0,11378.0,7254.0,16029.0,11805.0,3260.0,11133.0,5459.0,3529.0,2069.0,3960.0,8790.0,9455.0,11004.0,3137.0
"2050","total","total","Richmond",21276.0,7544.0,7572.0,19309.0,9042.0,3010.0,21590.0,74386.0,3116.0,3955.0,5765.0,35753.0,14285.0,7623.0,6721.0
"2050","total","mandatory","Downtown",81679.0,42489.0,31729.0,24799.0,43655.0,7774.0,20405.0,10229.0,12585.0,7363.0,6025.0,13805.0,31682.0,81831.0,8416.0
"2050","total","total","Hill Districts",11667.0,7532.0,3290.0,11699.0,14063.0,11063.0,5039.0,5679.0,10502.0,22234.0,26300.0,35851.0,25871.0,5729.0,1714.0
"2015","drive","total","Hill Districts",3810.0,2337.0,1436.0,6588.0,7488.0,6957.0,3239.0,3922.0,5643.0,11981.0,12265.0,18072.0,18906.0,4420.0,1676.0
"2015","total","mandatory","Downtown",71823.0,20019.0,30959.0,24198.0,26908.0,8375.0,19879.0,9984.0,8571.0,6735.0,5846.0,12486.0,30253.0,61808.0,10340.0
"2015","walk/bike","total","Western Market",14844.0,4558.0,3557.0,37500.0,8495.0,2556.0,12142.0,2529.0,353.0,297.0,1367.0,3090.0,188.0,0.0,25.0
"2050","total","mandatory","South Bay",32825.0,16455.0,8679.0,9675.0,23329.0,7418.0,7508.0,6629.0,23711.0,15443.0,10788.0,28715.0,3704181.0,258640.0,6739.0
"2015","uber/lyft","total","North Bay",53.0,21.0,99.0,33.0,11.0,3.0,37.0,15.0,2.0,4.0,2.0,14.0,7.0,201.0,15826.0
"2050","walk/bike","discretionary","East Bay",1.0,183.0,0.0,0.0,0.0,0.0,0.0,0.0,0.0,0.0,0.0,0.0,600.0,1396291.0,705.0
"2015","uber/lyft","discretionary","East Bay",110.0,100.0,115.0,26.0,29.0,6.0,24.0,2.0,7.0,2.0,1.0,2.0,161.0,54639.0,109.0
"2015","total","mandatory","Western Market",24354.0,7070.0,6616.0,13349.0,8688.0,2995.0,9443.0,4440.0,2499.0,1802.0,3640.0,6853.0,7993.0,8511.0,2837.0
"2015","walk/bike","total","Marina/N. Heights",10931.0,1598.0,9673.0,11914.0,1519.0,394.0,33246.0,3764.0,129.0,102.0,269.0,981.0,88.0,0.0,49.0
"2050","transit","total","Western Market",21868.0,6028.0,4409.0,6422.0,5681.0,1675.0,4152.0,2668.0,1475.0,1325.0,2502.0,4652.0,2635.0,6171.0,524.0
"2050","total","mandatory","Marina/N. Heights",20802.0,8144.0,9693.0,10994.0,7181.0,1793.0,15731.0,6252.0,2416.0,1573.0,2122.0,6110.0,7347.0,9757.0,4649.0
"2015","drive","mandatory","Bayshore",2931.0,1953.0,1140.0,1717.0,4819.0,2349.0,1201.0,778.0,8075.0,2908.0,1853.0,2322.0,12925.0,5802.0,1196.0
"2015","total","discretionary","South Bay",12114.0,6266.0,4417.0,8559.0,15460.0,9090.0,5254.0,6877.0,17816.0,30480.0,11915.0,31388.0,5531636.0,160686.0,2940.0
"2015","total","discretionary","Noe/Glen/Bernal",7565.0,3554.0,2201.0,9556.0,19246.0,22447.0,3163.0,1825.0,11161.0,9270.0,7379.0,6593.0,9219.0,2727.0,641.0
"2050","drive","mandatory","Noe/Glen/Bernal",1972.0,1618.0,771.0,1879.0,3932.0,2007.0,1184.0,763.0,2932.0,1650.0,1596.0,2515.0,6414.0,2726.0,676.0
"2050","drive","mandatory","Hill Districts",1525.0,1336.0,629.0,1911.0,2824.0,1664.0,1161.0,1290.0,2571.0,3003.0,2885.0,5859.0,8583.0,2420.0,844.0
"2050","drive","total","Richmond",7885.0,4157.0,4269.0,13139.0,6860.0,2496.0,14168.0,41121.0,2645.0,3428.0,4589.0,28047.0,13189.0,5900.0,6414.0
"2015","walk/bike","discretionary","Bayshore",299.0,205.0,96.0,150.0,1645.0,1709.0,57.0,17.0,14811.0,1259.0,191.0,86.0,592.0,0.0,4.0
"2015","total","total","South Bay",43603.0,18229.0,12787.0,16706.0,31663.0,15640.0,11967.0,12332.0,32475.0,42410.0,21327.0,51296.0,8177694.0,368921.0,9221.0
"2050","drive","total","N. Beach/Chinatown",15390.0,8350.0,15367.0,7364.0,9911.0,2253.0,11886.0,4383.0,4713.0,2164.0,1589.0,4124.0,8902.0,12320.0,5106.0
"2015","walk/bike","discretionary","Downtown",90819.0,16028.0,23962.0,10167.0,5865.0,599.0,7035.0,687.0,324.0,121.0,184.0,364.0,76.0,0.0,18.0
"2050","transit","mandatory","Noe/Glen/Bernal",5146.0,1479.0,948.0,751.0,1376.0,426.0,488.0,187.0,666.0,453.0,737.0,848.0,832.0,1168.0,43.0
"2050","uber/lyft","discretionary","North Bay",22.0,14.0,26.0,7.0,3.0,0.0,16.0,6.0,0.0,1.0,0.0,5.0,0.0,168.0,16847.0
"2050","drive","discretionary","Marina/N. Heights",9196.0,4625.0,8261.0,13622.0,8437.0,2580.0,20830.0,10601.0,2864.0,2305.0,2348.0,7594.0,5294.0,4513.0,4480.0
"2015","total","discretionary","Western Market",31378.0,10809.0,10151.0,62763.0,24076.0,9866.0,25307.0,12476.0,4883.0,5063.0,6778.0,16495.0,8824.0,5915.0,2895.0
"2050","total","discretionary","South Bay",15815.0,10282.0,5506.0,10062.0,22810.0,10670.0,5825.0,7558.0,31293.0,38775.0,14858.0,45229.0,8152973.0,201559.0,3226.0
"2015","walk/bike","mandatory","N. Beach/Chinatown",11405.0,1628.0,8849.0,1099.0,765.0,156.0,2257.0,250.0,80.0,51.0,81.0,156.0,58.0,0.0,16.0
"2050","transit","discretionary","N. Beach/Chinatown",8157.0,2522.0,3805.0,1885.0,2144.0,716.0,2364.0,902.0,883.0,618.0,384.0,1041.0,785.0,3273.0,314.0
"2050","walk/bike","mandatory","Outer Mission",268.0,128.0,52.0,122.0,321.0,367.0,61.0,52.0,612.0,3242.0,1553.0,1145.0,926.0,0.0,2.0
"2050","total","total","Noe/Glen/Bernal",16913.0,9665.0,4607.0,13257.0,30330.0,27335.0,5277.0,3017.0,18515.0,13571.0,11159.0,12271.0,18293.0,6947.0,1401.0
"2050","uber/lyft","mandatory","East Bay",1060.0,1273.0,580.0,170.0,280.0,18.0,111.0,23.0,26.0,13.0,13.0,35.0,607.0,24804.0,164.0
"2015","transit","discretionary","Sunset",3619.0,624.0,623.0,1569.0,761.0,413.0,660.0,916.0,185.0,644.0,768.0,4197.0,496.0,327.0,39.0
"2015","uber/lyft","discretionary","Downtown",23451.0,7061.0,12547.0,3812.0,2774.0,334.0,3282.0,442.0,272.0,105.0,128.0,294.0,89.0,143.0,11.0
"2015","total","discretionary","SoMa",35778.0,24434.0,10051.0,11274.0,19299.0,3694.0,5523.0,2481.0,5139.0,2753.0,1740.0,3493.0,6655.0,8385.0,1512.0
"2050","walk/bike","discretionary","South Bay",81.0,71.0,19.0,80.0,153.0,136.0,36.0,32.0,924.0,2634.0,333.0,1180.0,1015559.0,611.0,13.0
"2015","walk/bike","total","Outer Mission",349.0,144.0,67.0,278.0,590.0,1753.0,89.0,73.0,1894.0,17230.0,3704.0,2318.0,3245.0,0.0,7.0
"2050","drive","total","Hill Districts",3752.0,3340.0,1601.0,7333.0,9368.0,7517.0,3442.0,4510.0,8324.0,14985.0,14763.0,25205.0,22827.0,4355.0,1612.0
"2015","total","total","Bayshore",17931.0,8846.0,5610.0,7288.0,23632.0,14295.0,4023.0,2062.0,63915.0,15600.0,7068.0,7773.0,32452.0,11225.0,1931.0
"2015","uber/lyft","total","SoMa",10225.0,5713.0,4558.0,1809.0,2520.0,324.0,1206.0,228.0,400.0,124.0,166.0,251.0,244.0,367.0,27.0
"2050","walk/bike","mandatory","Richmond",722.0,192.0,212.0,715.0,210.0,46.0,1080.0,3954.0,51.0,50.0,140.0,1113.0,64.0,0.0,18.0
"2050","total","mandatory","North Bay",8908.0,3490.0,3781.0,3222.0,3310.0,767.0,4827.0,3149.0,1386.0,824.0,987.0,4203.0,6947.0,88670.0,960515.0
"2015","walk/bike","total","East Bay",1.0,27.0,1.0,0.0,0.0,0.0,0.0,0.0,0.0,0.0,0.0,0.0,771.0,1147464.0,898.0
"2050","walk/bike","total","Bayshore",867.0,703.0,202.0,449.0,3824.0,2499.0,160.0,77.0,32631.0,2145.0,536.0,314.0,1557.0,0.0,9.0
"2050","walk/bike","total","Sunset",1078.0,545.0,272.0,3306.0,979.0,729.0,1179.0,4217.0,322.0,4492.0,5986.0,67558.0,2084.0,1.0,43.0
"2015","drive","discretionary","South Bay",9305.0,5683.0,3857.0,8048.0,14599.0,8639.0,4995.0,6713.0,16840.0,27293.0,11295.0,30109.0,4803633.0,159342.0,2899.0
"2015","transit","discretionary","Mission/Potrero",8365.0,1747.0,1461.0,1651.0,3176.0,1182.0,664.0,257.0,956.0,888.0,585.0,925.0,795.0,977.0,74.0
"2050","total","total","N. Beach/Chinatown",91869.0,31305.0,83289.0,19384.0,23592.0,4572.0,32362.0,7695.0,7913.0,3942.0,3193.0,7871.0,14038.0,27811.0,6570.0
"2050","total","total","East Bay",110406.0,48484.0,27382.0,18385.0,35386.0,7040.0,15099.0,7830.0,16201.0,7558.0,5839.0,15105.0,460012.0,12983655.0,170323.0
"2015","total","mandatory","N. Beach/Chinatown",31207.0,7210.0,19669.0,6585.0,6930.0,1899.0,9373.0,3031.0,2680.0,1595.0,1752.0,3460.0,8073.0,15244.0,4172.0
"2050","drive","mandatory","Sunset",3995.0,2951.0,1791.0,5113.0,5303.0,2529.0,3906.0,6460.0,3807.0,4963.0,5846.0,25140.0,23653.0,6640.0,3765.0
"2015","drive","discretionary","Outer Mission",2961.0,2075.0,991.0,4069.0,7427.0,7095.0,1909.0,1997.0,9696.0,24899.0,9264.0,12557.0,27303.0,2715.0,671.0
"2015","transit","total","North Bay",6417.0,1105.0,1538.0,411.0,380.0,70.0,722.0,234.0,79.0,63.0,75.0,215.0,146.0,1323.0,27967.0
"2050","total","mandatory","East Bay",84317.0,31947.0,18619.0,11268.0,22396.0,3998.0,9817.0,4715.0,9403.0,3948.0,3560.0,9317.0,262241.0,3717377.0,88337.0
"2050","uber/lyft","mandatory","South Bay",1052.0,1267.0,596.0,261.0,554.0,88.0,163.0,33.0,161.0,116.0,146.0,288.0,27325.0,707.0,14.0
"2050","total","discretionary","Noe/Glen/Bernal",8827.0,5845.0,2569.0,9944.0,23397.0,23358.0,3369.0,1997.0,14135.0,11068.0,8193.0,8552.0,10802.0,3019.0,675.0
"2015","uber/lyft","mandatory","Outer Mission",105.0,55.0,72.0,29.0,49.0,14.0,35.0,9.0,26.0,23.0,107.0,66.0,70.0,6.0,2.0
"2050","walk/bike","mandatory","Mission/Potrero",4932.0,5053.0,1021.0,2240.0,12165.0,1417.0,779.0,194.0,1280.0,309.0,462.0,504.0,328.0,0.0,7.0
"2015","drive","discretionary","North Bay",3279.0,1280.0,2378.0,2503.0,1758.0,609.0,3879.0,2992.0,619.0,655.0,728.0,2817.0,2820.0,63110.0,1509459.0
"2015","uber/lyft","mandatory","Hill Districts",181.0,71.0,114.0,101.0,103.0,51.0,59.0,25.0,49.0,99.0,72.0,111.0,73.0,5.0,1.0
"2050","drive","total","Noe/Glen/Bernal",5516.0,5024.0,2215.0,8417.0,19572.0,13330.0,3767.0,2490.0,14248.0,10173.0,7523.0,9838.0,16531.0,5350.0,1328.0
"2050","walk/bike","discretionary","Downtown",99337.0,27493.0,24360.0,12300.0,8773.0,623.0,7319.0,641.0,431.0,146.0,200.0,406.0,95.0,2.0,27.0
"2015","uber/lyft","mandatory","Richmond",309.0,81.0,221.0,118.0,45.0,12.0,95.0,70.0,11.0,14.0,30.0,97.0,31.0,9.0,4.0
"2015","uber/lyft","total","Richmond",730.0,208.0,551.0,589.0,142.0,44.0,497.0,864.0,17.0,26.0,89.0,452.0,54.0,9.0,16.0
"2015","drive","total","North Bay",8615.0,3784.0,5399.0,5073.0,4471.0,1355.0,8201.0,5521.0,1867.0,1317.0,1692.0,5969.0,9255.0,130994.0,2159510.0
"2050","walk/bike","mandatory","Downtown",38245.0,11779.0,10417.0,4961.0,5218.0,581.0,3929.0,738.0,493.0,253.0,324.0,654.0,246.0,0.0,44.0
"2050","drive","discretionary","Outer Mission",3773.0,3469.0,1419.0,5133.0,11158.0,8406.0,2230.0,2550.0,14804.0,33151.0,12010.0,19224.0,35049.0,3274.0,742.0
"2015","total","total","Outer Mission",12977.0,5093.0,3115.0,6705.0,12292.0,11500.0,3498.0,3105.0,15549.0,49112.0,17676.0,20346.0,42641.0,6359.0,1396.0
"2015","transit","total","East Bay",56906.0,10647.0,10315.0,3676.0,5311.0,1001.0,3154.0,982.0,1227.0,823.0,1251.0,1716.0,8163.0,285504.0,1365.0
"2050","total","total","Western Market",63353.0,31758.0,19429.0,86926.0,43002.0,13407.0,40741.0,19505.0,10569.0,8360.0,11768.0,28279.0,19549.0,18027.0,6357.0
"2050","drive","mandatory","Downtown",8860.0,6533.0,4721.0,5218.0,7589.0,1973.0,4920.0,2968.0,3763.0,2009.0,1448.0,3730.0,9026.0,14044.0,3932.0
"2050","transit","mandatory","Western Market",12597.0,3630.0,2486.0,2562.0,3268.0,735.0,2106.0,1285.0,877.0,564.0,1631.0,2393.0,2006.0,4736.0,382.0
"2050","drive","mandatory","Outer Mission",2119.0,1685.0,757.0,1373.0,3371.0,1617.0,994.0,903.0,3674.0,5051.0,2915.0,5080.0,12974.0,2964.0,727.0
"2015","uber/lyft","total","N. Beach/Chinatown",17756.0,4526.0,15876.0,2765.0,2373.0,377.0,4494.0,535.0,497.0,113.0,209.0,456.0,350.0,615.0,106.0
"2050","walk/bike","total","North Bay",64.0,27.0,37.0,42.0,16.0,6.0,68.0,45.0,9.0,4.0,7.0,44.0,20.0,1179.0,472294.0
"2050","uber/lyft","discretionary","Marina/N. Heights",4340.0,2195.0,4044.0,2606.0,935.0,173.0,3301.0,537.0,68.0,65.0,84.0,270.0,37.0,40.0,21.0
"2050","drive","discretionary","Noe/Glen/Bernal",3544.0,3406.0,1444.0,6538.0,15640.0,11323.0,2583.0,1727.0,11316.0,8523.0,5927.0,7323.0,10117.0,2624.0,652.0
"2015","uber/lyft","mandatory","Marina/N. Heights",1559.0,393.0,1220.0,431.0,231.0,45.0,439.0,107.0,58.0,33.0,57.0,110.0,115.0,99.0,33.0
"2050","walk/bike","total","Western Market",17640.0,8704.0,4180.0,43025.0,10233.0,2747.0,14699.0,2804.0,490.0,348.0,1442.0,3498.0,221.0,0.0,41.0
"2050","total","discretionary","Richmond",10529.0,3784.0,4260.0,13702.0,5559.0,1996.0,15236.0,61714.0,1707.0,2792.0,3712.0,26512.0,7672.0,3044.0,3658.0
"2015","drive","mandatory","N. Beach/Chinatown",4892.0,2175.0,3777.0,2320.0,2424.0,788.0,3558.0,1505.0,1105.0,755.0,637.0,1653.0,4490.0,6631.0,2885.0
"2015","transit","mandatory","Western Market",12987.0,2296.0,2360.0,2172.0,1933.0,627.0,1776.0,865.0,552.0,451.0,1464.0,1714.0,1445.0,2742.0,301.0
"2015","transit","total","Outer Mission",7321.0,1379.0,1186.0,995.0,1538.0,824.0,498.0,251.0,871.0,2031.0,1614.0,1766.0,1751.0,836.0,67.0
"2015","walk/bike","mandatory","South Bay",190.0,69.0,61.0,125.0,187.0,133.0,62.0,58.0,371.0,770.0,344.0,589.0,217030.0,411.0,7.0
"2015","drive","mandatory","Downtown",8869.0,4866.0,4820.0,5632.0,5937.0,2332.0,5628.0,3376.0,2786.0,2011.0,1639.0,3922.0,9664.0,14931.0,5029.0
"2050","uber/lyft","mandatory","Hill Districts",387.0,455.0,194.0,158.0,197.0,71.0,67.0,29.0,76.0,131.0,121.0,165.0,139.0,11.0,3.0
"2015","walk/bike","total","South Bay",256.0,106.0,86.0,176.0,304.0,257.0,83.0,98.0,943.0,3060.0,613.0,1201.0,844341.0,786.0,19.0
"2050","total","mandatory","Hill Districts",6427.0,4516.0,1767.0,4165.0,5877.0,3026.0,2149.0,2025.0,4166.0,5851.0,6109.0,10112.0,10763.0,3515.0,926.0
"2015","uber/lyft","mandatory","East Bay",426.0,249.0,444.0,87.0,77.0,22.0,93.0,13.0,13.0,7.0,11.0,20.0,388.0,12889.0,106.0
"2015","uber/lyft","discretionary","Hill Districts",128.0,75.0,83.0,236.0,156.0,175.0,85.0,53.0,52.0,252.0,345.0,338.0,88.0,3.0,0.0
"2015","total","total","East Bay",82374.0,26914.0,22366.0,14426.0,23660.0,6340.0,12958.0,6329.0,11261.0,6307.0,5712.0,11248.0,368875.0,8951361.0,133547.0
"2015","walk/bike","mandatory","Noe/Glen/Bernal",661.0,294.0,149.0,516.0,1346.0,1640.0,184.0,42.0,636.0,359.0,557.0,221.0,140.0,0.0,2.0
"2050","total","mandatory","Richmond",10747.0,3760.0,3312.0,5607.0,3483.0,1014.0,6354.0,12672.0,1409.0,1163.0,2053.0,9241.0,6613.0,4579.0,3063.0
"2050","uber/lyft","mandatory","Noe/Glen/Bernal",388.0,405.0,173.0,146.0,176.0,36.0,67.0,20.0,60.0,25.0,75.0,62.0,78.0,34.0,3.0
"2015","walk/bike","total","Richmond",1341.0,297.0,450.0,2357.0,285.0,129.0,3549.0,24067.0,48.0,75.0,278.0,3542.0,92.0,0.0,48.0
"2015","uber/lyft","mandatory","South Bay",354.0,184.0,298.0,133.0,129.0,55.0,111.0,29.0,72.0,70.0,87.0,178.0,14260.0,457.0,4.0
"2050","transit","total","Outer Mission",9084.0,2426.0,1495.0,1309.0,2307.0,1096.0,767.0,373.0,1446.0,2485.0,1813.0,2564.0,2453.0,1360.0,75.0
"2050","uber/lyft","discretionary","Richmond",709.0,434.0,464.0,639.0,175.0,44.0,579.0,998.0,19.0,33.0,50.0,498.0,24.0,4.0,3.0
"2050","uber/lyft","mandatory","N. Beach/Chinatown",6864.0,3868.0,3703.0,1206.0,1678.0,178.0,1552.0,322.0,385.0,108.0,210.0,434.0,621.0,666.0,130.0
"2050","uber/lyft","mandatory","Downtown",16477.0,10650.0,7517.0,2667.0,4088.0,448.0,2702.0,623.0,860.0,282.0,437.0,948.0,1188.0,1280.0,166.0
"2050","drive","mandatory","Mission/Potrero",7636.0,7765.0,3041.0,5447.0,16214.0,3853.0,3613.0,2159.0,7738.0,3250.0,2825.0,5203.0,16951.0,12565.0,2615.0
"2015","transit","mandatory","Mission/Potrero",16546.0,3274.0,2766.0,1978.0,4602.0,887.0,1341.0,464.0,1220.0,769.0,1574.0,1405.0,2719.0,4170.0,307.0
"2050","total","discretionary","N. Beach/Chinatown",60416.0,18725.0,63941.0,12260.0,13054.0,2671.0,22696.0,4481.0,4588.0,2215.0,1514.0,3855.0,5546.0,9436.0,2954.0
"2015","uber/lyft","discretionary","N. Beach/Chinatown",12167.0,2768.0,12425.0,1860.0,1338.0,201.0,3188.0,311.0,191.0,50.0,75.0,186.0,47.0,113.0,21.0
"2050","uber/lyft","total","North Bay",154.0,125.0,144.0,51.0,46.0,2.0,75.0,17.0,2.0,4.0,4.0,16.0,9.0,379.0,21333.0
"2050","walk/bike","discretionary","North Bay",21.0,9.0,17.0,17.0,10.0,1.0,19.0,23.0,6.0,3.0,2.0,15.0,13.0,706.0,371370.0
"2015","walk/bike","total","Noe/Glen/Bernal",1242.0,631.0,296.0,2540.0,6573.0,11995.0,444.0,108.0,2470.0,1835.0,2017.0,574.0,280.0,0.0,5.0
"2015","uber/lyft","discretionary","Bayshore",278.0,223.0,184.0,109.0,353.0,179.0,51.0,4.0,558.0,157.0,59.0,42.0,83.0,4.0,0.0
"2050","drive","total","Downtown",29154.0,21114.0,15501.0,16543.0,24103.0,5862.0,14615.0,8214.0,12602.0,6001.0,3800.0,9622.0,20681.0,26557.0,7644.0
"2015","total","total","North Bay",15148.0,4920.0,7064.0,5543.0,4888.0,1431.0,9009.0,5813.0,1954.0,1392.0,1778.0,6230.0,9426.0,133416.0,2574059.0
"2015","drive","discretionary","Downtown",17113.0,8121.0,9732.0,10411.0,11907.0,3725.0,9916.0,5228.0,5733.0,3081.0,2174.0,5096.0,9599.0,11224.0,3597.0
"2015","drive","mandatory","Hill Districts",1737.0,1081.0,679.0,1751.0,2305.0,1621.0,1170.0,1208.0,1830.0,2663.0,2704.0,4473.0,7509.0,2684.0,924.0
"2015","drive","total","Outer Mission",5111.0,3461.0,1745.0,5307.0,9966.0,8709.0,2849.0,2751.0,12592.0,29158.0,11989.0,15955.0,37285.0,5515.0,1320.0
"2015","transit","mandatory","SoMa",5197.0,1316.0,1741.0,2286.0,3262.0,984.0,1382.0,845.0,1537.0,858.0,988.0,1494.0,4140.0,8870.0,980.0
"2015","uber/lyft","total","Outer Mission",196.0,109.0,117.0,125.0,198.0,214.0,62.0,30.0,192.0,693.0,369.0,307.0,360.0,8.0,2.0
"2015","transit","total","Downtown",32270.0,10299.0,17165.0,20563.0,24480.0,8292.0,13750.0,8439.0,7887.0,6867.0,5361.0,11108.0,22708.0,55123.0,5995.0
"2050","walk/bike","total","Noe/Glen/Bernal",1172.0,950.0,299.0,2595.0,6995.0,12134.0,382.0,126.0,2704.0,2044.0,2216.0,755.0,330.0,0.0,7.0
"2050","transit","total","Hill Districts",6750.0,3167.0,1272.0,2500.0,3160.0,1137.0,1106.0,780.0,1428.0,1889.0,1668.0,3641.0,2020.0,1355.0,92.0
"2015","uber/lyft","mandatory","Downtown",10084.0,3175.0,5886.0,1431.0,1629.0,224.0,1646.0,330.0,397.0,102.0,190.0,407.0,356.0,479.0,52.0
"2015","transit","total","Sunset",11766.0,2192.0,2137.0,3318.0,2179.0,960.0,1677.0,2026.0,747.0,1823.0,2505.0,8981.0,2363.0,1639.0,206.0
"2015","walk/bike","mandatory","Bayshore",371.0,169.0,85.0,172.0,783.0,601.0,79.0,33.0,4570.0,525.0,257.0,156.0,377.0,0.0,2.0
"2050","transit","discretionary","SoMa",11968.0,4506.0,2560.0,2538.0,4438.0,1126.0,1272.0,766.0,1727.0,983.0,616.0,1341.0,1072.0,4444.0,180.0
"2050","walk/bike","mandatory","SoMa",11126.0,10744.0,2064.0,2048.0,4907.0,303.0,979.0,195.0,318.0,104.0,167.0,321.0,129.0,107.0,18.0
"2015","transit","mandatory","Outer Mission",4779.0,940.0,805.0,471.0,801.0,363.0,268.0,131.0,530.0,926.0,1158.0,1113.0,1096.0,621.0,45.0
"2015","transit","total","SoMa",10467.0,2903.0,2929.0,3868.0,5222.0,1614.0,1999.0,1182.0,2157.0,1358.0,1288.0,2183.0,4766.0,10659.0,1072.0
"2050","total","total","Marina/N. Heights",48644.0,18014.0,31802.0,40451.0,18764.0,5176.0,71424.0,22039.0,5707.0,4325.0,5095.0,15582.0,13055.0,15433.0,9404.0
"2015","transit","discretionary","SoMa",5270.0,1587.0,1188.0,1582.0,1960.0,630.0,617.0,337.0,620.0,500.0,300.0,689.0,626.0,1789.0,92.0
"2050","drive","discretionary","SoMa",14004.0,19498.0,5720.0,7826.0,20613.0,3601.0,4573.0,2456.0,8248.0,3511.0,2061.0,4141.0,9022.0,12396.0,1722.0
"2050","uber/lyft","discretionary","Downtown",38366.0,19525.0,17099.0,6300.0,6189.0,642.0,4477.0,722.0,651.0,265.0,263.0,603.0,226.0,382.0,33.0
"2015","uber/lyft","mandatory","Sunset",370.0,131.0,251.0,218.0,117.0,45.0,117.0,81.0,43.0,86.0,104.0,305.0,170.0,24.0,9.0
"2015","walk/bike","mandatory","Marina/N. Heights",3995.0,663.0,2212.0,2631.0,598.0,163.0,5484.0,970.0,71.0,56.0,108.0,454.0,67.0,0.0,24.0
"2015","transit","mandatory","Hill Districts",3948.0,1063.0,980.0,1506.0,1619.0,640.0,608.0,523.0,613.0,1289.0,999.0,1651.0,1350.0,1073.0,56.0
"2015","transit","mandatory","Noe/Glen/Bernal",5557.0,1025.0,845.0,617.0,933.0,486.0,386.0,117.0,414.0,364.0,647.0,552.0,675.0,761.0,60.0
"2050","uber/lyft","discretionary","SoMa",19119.0,18773.0,6184.0,3970.0,8462.0,824.0,2326.0,413.0,881.0,315.0,285.0,516.0,249.0,433.0,19.0
"2050","drive","discretionary","Bayshore",8361.0,7974.0,3242.0,5898.0,25712.0,11259.0,2853.0,1514.0,65800.0,15013.0,5740.0,7271.0,29653.0,6254.0,806.0
"2050","transit","total","South Bay",26420.0,7514.0,4302.0,2565.0,5825.0,1203.0,1876.0,880.0,2754.0,2345.0,2037.0,4677.0,421495.0,23297.0,268.0
"2050","uber/lyft","discretionary","South Bay",198.0,245.0,123.0,86.0,200.0,77.0,30.0,21.0,180.0,413.0,130.0,414.0,85574.0,223.0,1.0
"2050","uber/lyft","mandatory","Western Market",2349.0,1832.0,1171.0,757.0,784.0,134.0,663.0,177.0,151.0,68.0,155.0,317.0,260.0,166.0,50.0
"2015","drive","total","Bayshore",8387.0,5854.0,3252.0,5885.0,18687.0,10973.0,3334.0,1830.0,40594.0,12654.0,5753.0,6732.0,29823.0,10058.0,1840.0
"2015","total","mandatory","Hill Districts",6172.0,2328.0,1845.0,3722.0,4414.0,2867.0,1952.0,1915.0,2760.0,5264.0,5558.0,7455.0,9304.0,3762.0,988.0
"2015","total","total","N. Beach/Chinatown",84249.0,17223.0,78822.0,16989.0,16369.0,4167.0,30421.0,7032.0,5522.0,3016.0,2910.0,6528.0,12391.0,22702.0,7070.0
"2050","drive","discretionary","Downtown",20294.0,14581.0,10780.0,11325.0,16514.0,3889.0,9695.0,5246.0,8839.0,3992.0,2352.0,5892.0,11655.0,12513.0,3712.0
"2050","transit","mandatory","SoMa",14304.0,5607.0,3546.0,3590.0,8646.0,1391.0,2632.0,1329.0,2777.0,1395.0,2547.0,3009.0,6248.0,18015.0,1026.0
"2015","total","total","Hill Districts",10204.0,4057.0,3027.0,10299.0,10761.0,10073.0,4472.0,4988.0,6964.0,17700.0,21788.0,25054.0,21355.0,5645.0,1756.0
"2050","total","total","South Bay",48640.0,26737.0,14185.0,19737.0,46139.0,18088.0,13333.0,14187.0,55004.0,54218.0,25646.0,73944.0,11857154.0,460199.0,9965.0
"2050","walk/bike","mandatory","North Bay",43.0,18.0,20.0,25.0,6.0,5.0,49.0,22.0,3.0,1.0,5.0,29.0,7.0,473.0,100924.0
"2015","walk/bike","discretionary","SoMa",15455.0,11891.0,2573.0,3093.0,5512.0,342.0,892.0,134.0,208.0,56.0,83.0,127.0,43.0,3.0,7.0
"2050","walk/bike","total","East Bay",1.0,294.0,1.0,0.0,0.0,0.0,0.0,0.0,0.0,0.0,0.0,1.0,1336.0,1782420.0,1198.0
"2015","uber/lyft","mandatory","Western Market",1249.0,417.0,841.0,428.0,378.0,74.0,431.0,115.0,97.0,34.0,115.0,199.0,116.0,92.0,26.0
"2015","drive","discretionary","Hill Districts",2073.0,1256.0,757.0,4837.0,5183.0,5336.0,2069.0,2714.0,3813.0,9318.0,9561.0,13599.0,11397.0,1736.0,752.0
"2015","uber/lyft","total","Mission/Potrero",4233.0,2457.0,2323.0,1685.0,3036.0,669.0,796.0,150.0,410.0,195.0,254.0,326.0,228.0,111.0,16.0
"2050","total","discretionary","Western Market",38172.0,20380.0,12175.0,70897.0,31197.0,10147.0,29608.0,14046.0,7040.0,6291.0,7808.0,19489.0,10094.0,7023.0,3220.0
"2050","total","mandatory","N. Beach/Chinatown",31453.0,12580.0,19348.0,7124.0,10538.0,1901.0,9666.0,3214.0,3325.0,1727.0,1679.0,4016.0,8492.0,18375.0,3616.0
"2015","drive","total","Mission/Potrero",17516.0,14029.0,7755.0,18965.0,48332.0,16068.0,9544.0,5313.0,18719.0,10136.0,7366.0,11479.0,27591.0,18513.0,4417.0
"2015","drive","total","SoMa",13023.0,10062.0,5629.0,8275.0,14434.0,3920.0,5548.0,3356.0,5912.0,3416.0,2291.0,4756.0,12891.0,16242.0,3801.0
"2050","walk/bike","total","South Bay",330.0,208.0,73.0,219.0,486.0,306.0,123.0,93.0,1535.0,3540.0,709.0,2022.0,1333701.0,1346.0,18.0
"2015","drive","mandatory","Noe/Glen/Bernal",2396.0,1425.0,860.0,1836.0,3358.0,2097.0,1242.0,683.0,2304.0,1576.0,1573.0,2094.0,5702.0,2825.0,744.0
"2050","transit","total","Marina/N. Heights",16642.0,4041.0,4828.0,4334.0,3301.0,895.0,5283.0,2702.0,878.0,760.0,1102.0,2491.0,1871.0,4942.0,741.0
"2015","drive","mandatory","East Bay",14579.0,9777.0,6497.0,5720.0,10478.0,2791.0,5761.0,3079.0,5829.0,2762.0,2662.0,5462.0,203160.0,2100470.0,67199.0
"2015","uber/lyft","mandatory","North Bay",46.0,14.0,76.0,25.0,11.0,2.0,28.0,5.0,2.0,3.0,2.0,11.0,7.0,89.0,3330.0
"2015","transit","total","Marina/N. Heights",14433.0,2068.0,4358.0,3599.0,2045.0,715.0,4317.0,2052.0,446.0,511.0,837.0,1696.0,1270.0,3028.0,750.0
"2050","drive","total","North Bay",7304.0,3877.0,4987.0,5640.0,4866.0,1385.0,8296.0,6304.0,2089.0,1483.0,1653.0,7171.0,9807.0,167126.0,2761065.0
"2050","walk/bike","mandatory","Western Market",5085.0,2156.0,1250.0,6120.0,2190.0,575.0,3364.0,722.0,229.0,122.0,367.0,1018.0,130.0,0.0,21.0
"2050","total","total","Mission/Potrero",88140.0,72990.0,23453.0,42678.0,171145.0,30493.0,18520.0,8837.0,44275.0,18444.0,14291.0,21766.0,45963.0,35782.0,5467.0
"2015","drive","discretionary","East Bay",10352.0,6114.0,4994.0,4917.0,7765.0,2520.0,3926.0,2253.0,4185.0,2713.0,1787.0,4048.0,156232.0,5350395.0,63870.0
"2015","walk/bike","discretionary","N. Beach/Chinatown",24464.0,2830.0,32325.0,2333.0,1141.0,160.0,7483.0,248.0,88.0,15.0,48.0,110.0,22.0,1.0,15.0
"2015","drive","discretionary","Noe/Glen/Bernal",3438.0,2405.0,1346.0,6373.0,12482.0,10848.0,2475.0,1627.0,8790.0,7061.0,5414.0,5703.0,8703.0,2481.0,626.0
"2050","walk/bike","discretionary","Marina/N. Heights",7184.0,1716.0,7608.0,11155.0,1136.0,204.0,28701.0,3250.0,70.0,54.0,195.0,578.0,45.0,0.0,24.0
"2015","total","mandatory","SoMa",19750.0,10272.0,7018.0,7105.0,10249.0,2773.0,4768.0,2599.0,3698.0,2284.0,2199.0,4024.0,11353.0,18901.0,3403.0
"2050","walk/bike","total","Hill Districts",520.0,288.0,104.0,1424.0,1047.0,2134.0,334.0,306.0,581.0,4857.0,9350.0,6274.0,763.0,0.0,6.0
"2050","walk/bike","total","Outer Mission",401.0,257.0,99.0,328.0,854.0,1951.0,119.0,113.0,2264.0,22828.0,4954.0,4548.0,3747.0,0.0,3.0
"2015","drive","mandatory","North Bay",5336.0,2504.0,3021.0,2570.0,2713.0,746.0,4322.0,2529.0,1248.0,662.0,964.0,3152.0,6435.0,67884.0,650051.0
"2050","total","total","Downtown",255328.0,115974.0,92659.0,64314.0,88287.0,17128.0,48978.0,21111.0,28810.0,15532.0,11409.0,26560.0,47831.0,109474.0,13270.0
"2050","drive","discretionary","Western Market",10367.0,7516.0,4805.0,24996.0,18256.0,6556.0,13639.0,9922.0,6004.0,5136.0,5581.0,14082.0,9287.0,5539.0,3047.0
"2015","total","mandatory","Richmond",10681.0,2701.0,3168.0,4524.0,2586.0,880.0,5627.0,10956.0,959.0,903.0,1916.0,7389.0,5413.0,3859.0,2742.0
"2015","walk/bike","discretionary","Sunset",316.0,124.0,103.0,2033.0,361.0,323.0,516.0,2718.0,81.0,1514.0,2791.0,33775.0,619.0,0.0,14.0
"2050","uber/lyft","total","Bayshore",1410.0,1870.0,666.0,337.0,1193.0,297.0,160.0,28.0,1247.0,290.0,188.0,148.0,321.0,52.0,5.0
"2050","uber/lyft","total","Richmond",1270.0,845.0,774.0,825.0,281.0,58.0,744.0,1083.0,33.0,48.0,76.0,607.0,67.0,22.0,15.0
"2050","uber/lyft","discretionary","Hill Districts",258.0,282.0,119.0,284.0,291.0,204.0,90.0,54.0,93.0,372.0,398.0,566.0,122.0,8.0,1.0
"2050","transit","discretionary","Sunset",5848.0,1273.0,971.0,2042.0,1314.0,559.0,936.0,1254.0,388.0,1060.0,1288.0,7079.0,973.0,625.0,69.0
"2015","walk/bike","mandatory","East Bay",1.0,18.0,0.0,0.0,0.0,0.0,0.0,0.0,0.0,0.0,0.0,0.0,402.0,264424.0,360.0
"2015","walk/bike","mandatory","Richmond",785.0,171.0,240.0,610.0,171.0,51.0,921.0,3410.0,32.0,45.0,130.0,889.0,60.0,0.0,21.0
"2050","total","mandatory","Sunset",14878.0,7293.0,4170.0,8913.0,8684.0,3679.0,6175.0,9265.0,5430.0,7784.0,10049.0,45146.0,28471.0,9308.0,4092.0
"2050","walk/bike","mandatory","Sunset",684.0,329.0,179.0,979.0,498.0,273.0,571.0,1098.0,196.0,1168.0,1669.0,11870.0,853.0,1.0,26.0
"2015","total","total","Mission/Potrero",55522.0,29006.0,16123.0,32644.0,97939.0,25480.0,13930.0,6511.0,23771.0,12622.0,10707.0,14880.0,31654.0,23771.0,4837.0
"2015","total","mandatory","Sunset",13205.0,4152.0,3658.0,7073.0,5778.0,2918.0,4890.0,7311.0,3050.0,5404.0,7547.0,29947.0,19672.0,6848.0,3265.0
"2015","total","discretionary","Mission/Potrero",28416.0,18715.0,9254.0,23919.0,75975.0,19900.0,8837.0,4001.0,17048.0,9157.0,6441.0,9102.0,15886.0,9104.0,1913.0
"2015","uber/lyft","mandatory","Mission/Potrero",1488.0,570.0,959.0,354.0,397.0,85.0,225.0,56.0,99.0,46.0,100.0,119.0,136.0,77.0,16.0
"2015","total","discretionary","East Bay",18826.0,7656.0,6928.0,5801.0,8796.0,2796.0,4561.0,2457.0,4416.0,2930.0,1941.0,4391.0,157612.0,6372402.0,64677.0
"2050","walk/bike","mandatory","East Bay",0.0,111.0,1.0,0.0,0.0,0.0,0.0,0.0,0.0,0.0,0.0,1.0,736.0,386129.0,493.0
"2015","transit","mandatory","Marina/N. Heights",9088.0,1460.0,2501.0,1825.0,1372.0,389.0,1927.0,1022.0,319.0,266.0,578.0,992.0,1044.0,2400.0,489.0
"2050","total","discretionary","East Bay",26089.0,16537.0,8763.0,7117.0,12990.0,3042.0,5282.0,3115.0,6798.0,3610.0,2279.0,5788.0,197771.0,9266278.0,81986.0
"2050","drive","mandatory","North Bay",4035.0,2247.0,2578.0,2740.0,2787.0,712.0,4168.0,2921.0,1288.0,759.0,899.0,3861.0,6689.0,86538.0,830341.0
"2050","walk/bike","discretionary","Bayshore",389.0,393.0,90.0,227.0,2544.0,1855.0,65.0,25.0,25903.0,1582.0,225.0,127.0,962.0,0.0,6.0
"2050","drive","mandatory","Richmond",2957.0,1728.0,1515.0,3332.0,2179.0,764.0,3760.0,7045.0,1090.0,908.0,1315.0,6442.0,5741.0,3259.0,2857.0
"2015","total","total","Marina/N. Heights",44960.0,10267.0,30019.0,34902.0,14191.0,5064.0,68320.0,19147.0,3992.0,3583.0,4523.0,12761.0,11820.0,12915.0,9231.0
"2015","walk/bike","discretionary","Outer Mission",111.0,65.0,22.0,170.0,370.0,1414.0,37.0,35.0,1323.0,14588.0,2369.0,1550.0,2457.0,0.0,2.0
"2015","uber/lyft","total","Marina/N. Heights",4706.0,1170.0,4435.0,2322.0,804.0,203.0,3246.0,519.0,114.0,60.0,137.0,333.0,146.0,124.0,40.0
"2050","transit","discretionary","Western Market",9271.0,2398.0,1923.0,3860.0,2413.0,940.0,2046.0,1383.0,598.0,761.0,871.0,2259.0,629.0,1435.0,142.0
"2015","uber/lyft","discretionary","South Bay",80.0,43.0,61.0,50.0,87.0,51.0,28.0,17.0,89.0,294.0,87.0,197.0,46583.0,162.0,2.0
"2050","total","total","North Bay",13342.0,5310.0,6531.0,6269.0,5491.0,1461.0,9177.0,6623.0,2211.0,1576.0,1760.0,7600.0,10110.0,170370.0,3287457.0
"2015","walk/bike","mandatory","SoMa",6358.0,4137.0,1380.0,1334.0,1860.0,267.0,646.0,180.0,160.0,83.0,111.0,200.0,64.0,15.0,8.0
"2050","uber/lyft","discretionary","Sunset",581.0,503.0,297.0,668.0,419.0,191.0,277.0,499.0,75.0,507.0,570.0,3231.0,429.0,4.0,7.0
"2050","drive","discretionary","Richmond",4928.0,2429.0,2754.0,9807.0,4681.0,1732.0,10408.0,34076.0,1555.0,2520.0,3274.0,21605.0,7448.0,2641.0,3557.0
"2015","transit","discretionary","South Bay",2663.0,503.0,474.0,410.0,657.0,276.0,210.0,107.0,315.0,603.0,264.0,470.0,54109.0,807.0,27.0
"2050","walk/bike","total","Marina/N. Heights",11091.0,2794.0,9737.0,14350.0,1962.0,358.0,34732.0,4349.0,172.0,119.0,347.0,1145.0,133.0,0.0,77.0
"2050","total","discretionary","North Bay",4434.0,1820.0,2750.0,3047.0,2181.0,694.0,4350.0,3474.0,825.0,752.0,773.0,3397.0,3163.0,81700.0,2326942.0
"2015","uber/lyft","total","Western Market",4928.0,1726.0,2605.0,4084.0,1738.0,455.0,2291.0,587.0,217.0,119.0,347.0,730.0,162.0,116.0,33.0
"2015","transit","mandatory","East Bay",48542.0,9214.0,8497.0,2818.0,4309.0,731.0,2543.0,780.0,1003.0,608.0,1098.0,1375.0,7313.0,201176.0,1205.0
"2050","walk/bike","discretionary","Hill Districts",223.0,125.0,35.0,1030.0,598.0,1584.0,178.0,169.0,249.0,3394.0,7360.0,4559.0,352.0,0.0,2.0
"2015","total","total","Richmond",19497.0,5099.0,6960.0,16466.0,6513.0,2739.0,18911.0,63513.0,2068.0,3133.0,5001.0,28773.0,12574.0,6325.0,5963.0
"2015","transit","discretionary","Outer Mission",2542.0,439.0,381.0,524.0,737.0,461.0,230.0,120.0,341.0,1105.0,456.0,653.0,655.0,215.0,22.0
"2050","walk/bike","total","SoMa",37540.0,47583.0,6071.0,8178.0,19431.0,921.0,2571.0,392.0,712.0,215.0,315.0,535.0,200.0,332.0,36.0
"2015","drive","mandatory","Richmond",3517.0,1479.0,1571.0,2886.0,1875.0,682.0,3520.0,6093.0,789.0,729.0,1206.0,5270.0,4920.0,3071.0,2559.0
"2015","walk/bike","total","Sunset",968.0,290.0,252.0,2871.0,739.0,553.0,933.0,3631.0,225.0,2251.0,3911.0,41434.0,1226.0,0.0,38.0
"2050","transit","discretionary","Noe/Glen/Bernal",4115.0,1041.0,704.0,880.0,1326.0,849.0,391.0,156.0,590.0,666.0,405.0,581.0,446.0,387.0,18.0
"2015","total","discretionary","Bayshore",8999.0,4916.0,2819.0,4730.0,16684.0,10866.0,2366.0,1112.0,49080.0,11562.0,4304.0,4735.0,17915.0,4432.0,669.0
"2050","transit","mandatory","North Bay",4698.0,1114.0,1065.0,413.0,474.0,48.0,551.0,195.0,93.0,61.0,79.0,302.0,242.0,1448.0,24764.0
"2015","uber/lyft","discretionary","SoMa",6971.0,4501.0,2807.0,1362.0,1908.0,213.0,817.0,134.0,218.0,66.0,81.0,118.0,57.0,98.0,6.0
"2050","transit","mandatory","Sunset",9339.0,3203.0,1769.0,2494.0,2550.0,816.0,1496.0,1584.0,1355.0,1509.0,2371.0,7570.0,3698.0,2625.0,291.0
"2050","total","discretionary","Hill Districts",5240.0,3016.0,1523.0,7534.0,8186.0,8037.0,2890.0,3654.0,6336.0,16383.0,20191.0,25739.0,15108.0,2214.0,788.0
"2050","total","mandatory","Outer Mission",7928.0,3533.0,1832.0,2129.0,5045.0,2471.0,1542.0,1158.0,5168.0,9418.0,5766.0,7878.0,15542.0,4010.0,785.0
"2015","transit","discretionary","Bayshore",2966.0,587.0,427.0,303.0,818.0,354.0,125.0,39.0,1192.0,400.0,154.0,197.0,342.0,172.0,21.0
"2015","drive","discretionary","SoMa",8082.0,6455.0,3483.0,5237.0,9919.0,2509.0,3197.0,1876.0,4093.0,2131.0,1276.0,2559.0,5929.0,6495.0,1407.0
"2015","transit","mandatory","South Bay",20821.0,4317.0,3325.0,1429.0,2781.0,674.0,1077.0,404.0,1198.0,1069.0,1402.0,1901.0,176459.0,7171.0,115.0
"2015","transit","discretionary","N. Beach/Chinatown",7183.0,1156.0,3852.0,1645.0,1473.0,526.0,2023.0,714.0,448.0,368.0,287.0,650.0,524.0,2072.0,303.0
"2050","uber/lyft","total","Hill Districts",645.0,737.0,313.0,442.0,488.0,275.0,157.0,83.0,169.0,503.0,519.0,731.0,261.0,19.0,4.0
"2015","walk/bike","total","SoMa",21813.0,16028.0,3953.0,4427.0,7372.0,609.0,1538.0,314.0,368.0,139.0,194.0,327.0,107.0,18.0,15.0
"2015","walk/bike","mandatory","Mission/Potrero",3202.0,1956.0,753.0,1862.0,7079.0,1334.0,616.0,181.0,803.0,225.0,377.0,359.0,179.0,0.0,15.0
"2050","walk/bike","total","Richmond",1258.0,370.0,433.0,2671.0,395.0,110.0,4078.0,28042.0,76.0,103.0,303.0,4187.0,98.0,0.0,37.0
"2050","transit","total","N. Beach/Chinatown",16873.0,5898.0,7117.0,4203.0,6835.0,1572.0,4867.0,2068.0,2268.0,1463.0,1170.0,2711.0,4327.0,14581.0,1276.0
"2015","transit","total","Richmond",9064.0,1326.0,1825.0,1874.0,737.0,222.0,2068.0,3358.0,173.0,231.0,685.0,2053.0,511.0,992.0,230.0
"2015","total","total","Downtown",218062.0,56511.0,84822.0,56803.0,55816.0,16176.0,45440.0,19339.0,17749.0,12507.0,9967.0,21860.0,42681.0,81901.0,14752.0
"2050","uber/lyft","mandatory","Bayshore",778.0,974.0,366.0,156.0,398.0,56.0,93.0,18.0,151.0,44.0,84.0,65.0,154.0,45.0,5.0
"2015","total","total","Sunset",22218.0,7472.0,6668.0,22900.0,14393.0,9436.0,12684.0,28688.0,7656.0,20492.0,25127.0,143688.0,52086.0,11091.0,6210.0
"2050","uber/lyft","mandatory","Mission/Potrero",3901.0,4161.0,1614.0,828.0,2046.0,170.0,527.0,116.0,396.0,149.0,183.0,353.0,518.0,339.0,36.0
"2050","transit","discretionary","Mission/Potrero",13061.0,4080.0,2087.0,2425.0,5496.0,1485.0,1074.0,502.0,2085.0,1247.0,865.0,1454.0,1155.0,2224.0,118.0
"2015","drive","total","Marina/N. Heights",14890.0,5431.0,11553.0,17067.0,9823.0,3752.0,27511.0,12812.0,3303.0,2910.0,3280.0,9751.0,10316.0,9763.0,8392.0
"2050","walk/bike","discretionary","Sunset",394.0,216.0,93.0,2327.0,481.0,456.0,608.0,3119.0,126.0,3324.0,4317.0,55688.0,1231.0,0.0,17.0
"2015","drive","mandatory","Marina/N. Heights",5656.0,2351.0,3460.0,4505.0,2965.0,1197.0,6512.0,3473.0,1184.0,956.0,1120.0,3218.0,5273.0,5755.0,4205.0
"2015","uber/lyft","mandatory","SoMa",3254.0,1212.0,1751.0,447.0,612.0,111.0,389.0,94.0,182.0,58.0,85.0,133.0,187.0,269.0,21.0
"2015","total","mandatory","Noe/Glen/Bernal",8816.0,2831.0,1991.0,3051.0,5722.0,4259.0,1858.0,855.0,3395.0,2318.0,2823.0,2914.0,6578.0,3607.0,810.0
"2050","total","mandatory","Noe/Glen/Bernal",8086.0,3820.0,2038.0,3313.0,6933.0,3977.0,1908.0,1020.0,4380.0,2503.0,2966.0,3719.0,7491.0,3928.0,726.0
"2050","walk/bike","mandatory","Bayshore",478.0,310.0,112.0,222.0,1280.0,644.0,95.0,52.0,6728.0,563.0,311.0,187.0,595.0,0.0,3.0
"2050","uber/lyft","total","SoMa",30221.0,26582.0,10553.0,5971.0,13020.0,1283.0,4160.0,883.0,1959.0,572.0,777.0,1405.0,1631.0,1886.0,145.0
"2015","walk/bike","total","N. Beach/Chinatown",35869.0,4458.0,41174.0,3432.0,1906.0,316.0,9740.0,498.0,168.0,66.0,129.0,266.0,80.0,1.0,31.0
"2015","drive","total","East Bay",24931.0,15891.0,11491.0,10637.0,18243.0,5311.0,9687.0,5332.0,10014.0,5475.0,4449.0,9510.0,359392.0,7450865.0,131069.0
"2015","transit","discretionary","Noe/Glen/Bernal",3192.0,607.0,511.0,754.0,976.0,758.0,281.0,97.0,361.0,541.0,330.0,406.0,318.0,241.0,10.0
"2050","uber/lyft","total","East Bay",1425.0,1674.0,813.0,219.0,372.0,24.0,135.0,25.0,35.0,17.0,17.0,47.0,824.0,124284.0,335.0
"2015","transit","discretionary","Downtown",14856.0,5282.0,7622.0,8215.0,8362.0,3143.0,5328.0,2998.0,2849.0,2465.0,1635.0,3620.0,2664.0,8726.0,786.0
"2015","uber/lyft","total","Hill Districts",309.0,146.0,197.0,337.0,259.0,226.0,144.0,78.0,101.0,351.0,417.0,449.0,161.0,8.0,1.0
"2050","uber/lyft","mandatory","SoMa",11102.0,7809.0,4369.0,2001.0,4558.0,459.0,1834.0,470.0,1078.0,257.0,492.0,889.0,1382.0,1453.0,126.0
"2050","drive","mandatory","Marina/N. Heights",4954.0,2780.0,3411.0,4868.0,3591.0,1097.0,6583.0,3682.0,1636.0,1027.0,1148.0,3879.0,5572.0,5803.0,4035.0
"2050","uber/lyft","mandatory","Marina/N. Heights",2421.0,1579.0,1521.0,671.0,538.0,73.0,695.0,168.0,89.0,49.0,66.0,203.0,148.0,135.0,50.0
"2050","total","mandatory","Mission/Potrero",44457.0,25729.0,10622.0,11808.0,39652.0,6819.0,7132.0,3402.0,12209.0,4927.0,5829.0,8559.0,22535.0,22216.0,3114.0
"2015","drive","discretionary","Sunset",4795.0,2457.0,2102.0,11720.0,7284.0,5639.0,6391.0,17398.0,4303.0,12690.0,13684.0,74087.0,31113.0,3910.0,2890.0
"2050","uber/lyft","discretionary","Outer Mission",246.0,288.0,105.0,162.0,340.0,223.0,67.0,36.0,238.0,1013.0,384.0,484.0,389.0,6.0,0.0
"2050","transit","discretionary","Richmond",4356.0,743.0,821.0,1300.0,518.0,156.0,1251.0,2552.0,108.0,186.0,225.0,1335.0,166.0,399.0,79.0
