,taz,pickups,dropoffs,TAZ,distr,AMshare,PMshare,OPshare,veh_pickups,veh_dropoffs
0,1,0.4,0.2,1,10.0,0.07,0.07,0.09,5.714285714285714,2.857142857142857
1,2,0.0,0.8,2,11.0,0.03,0.02,0.04,0.0,26.666666666666668
2,3,0.8,0.4,3,10.0,0.07,0.07,0.09,11.428571428571429,5.714285714285714
3,4,3.4,4.0,4,11.0,0.03,0.02,0.04,113.33333333333333,133.33333333333334
4,5,0.4,0.2,5,10.0,0.07,0.07,0.09,5.714285714285714,2.857142857142857
5,6,0.4,0.4,6,10.0,0.07,0.07,0.09,5.714285714285714,5.714285714285714
6,7,0.2,0.2,7,10.0,0.07,0.07,0.09,2.857142857142857,2.857142857142857
7,8,0.8,0.4,8,11.0,0.03,0.02,0.04,26.666666666666668,13.333333333333334
8,9,1.6,1.6,9,11.0,0.03,0.02,0.04,53.333333333333336,53.333333333333336
9,10,4.0,4.0,10,11.0,0.03,0.02,0.04,133.33333333333334,133.33333333333334
10,11,0.8,0.8,11,11.0,0.03,0.02,0.04,26.666666666666668,26.666666666666668
11,12,0.0,0.2,12,10.0,0.07,0.07,0.09,0.0,2.857142857142857
12,13,0.6,0.6,13,11.0,0.03,0.02,0.04,20.0,20.0
13,14,0.8,1.0,14,11.0,0.03,0.02,0.04,26.666666666666668,33.333333333333336
14,15,1.6,1.4,15,10.0,0.07,0.07,0.09,22.857142857142858,19.999999999999996
15,16,5.4,5.0,16,11.0,0.03,0.02,0.04,180.00000000000003,166.66666666666669
16,17,0.4,0.8,17,10.0,0.07,0.07,0.09,5.714285714285714,11.428571428571429
17,18,0.4,0.2,18,10.0,0.07,0.07,0.09,5.714285714285714,2.857142857142857
18,19,2.0,1.8,19,11.0,0.03,0.02,0.04,66.66666666666667,60.00000000000001
19,20,1.4,1.0,20,11.0,0.03,0.02,0.04,46.666666666666664,33.333333333333336
20,21,1.8,2.0,21,11.0,0.03,0.02,0.04,60.00000000000001,66.66666666666667
21,22,0.8,1.2,22,11.0,0.03,0.02,0.04,26.666666666666668,40.0
22,23,0.0,0.2,23,10.0,0.07,0.07,0.09,0.0,2.857142857142857
23,24,1.2,4.8,24,11.0,0.03,0.02,0.04,40.0,160.0
24,25,0.8,0.4,25,11.0,0.03,0.02,0.04,26.666666666666668,13.333333333333334
25,26,0.2,0.4,26,11.0,0.03,0.02,0.04,6.666666666666667,13.333333333333334
26,27,2.0,2.6,27,10.0,0.07,0.07,0.09,28.57142857142857,37.14285714285714
27,28,2.8,2.2,28,11.0,0.03,0.02,0.04,93.33333333333333,73.33333333333334
28,29,0.8,0.8,29,11.0,0.03,0.02,0.04,26.666666666666668,26.666666666666668
29,30,0.4,0.0,30,10.0,0.07,0.07,0.09,5.714285714285714,0.0
30,31,1.2,1.0,31,7.0,0.05,0.04,0.05,23.999999999999996,20.0
31,32,5.2,5.2,32,11.0,0.03,0.02,0.04,173.33333333333334,173.33333333333334
32,33,0.8,0.4,33,11.0,0.03,0.02,0.04,26.666666666666668,13.333333333333334
33,34,3.6,4.6,34,7.0,0.05,0.04,0.05,72.0,91.99999999999999
34,35,1.2,1.0,35,11.0,0.03,0.02,0.04,40.0,33.333333333333336
35,36,0.0,0.4,36,10.0,0.07,0.07,0.09,0.0,5.714285714285714
36,37,1.6,1.6,37,11.0,0.03,0.02,0.04,53.333333333333336,53.333333333333336
37,38,2.0,3.0,38,11.0,0.03,0.02,0.04,66.66666666666667,100.0
38,39,1.0,0.6,39,11.0,0.03,0.02,0.04,33.333333333333336,20.0
39,40,0.6,1.2,40,11.0,0.03,0.02,0.04,20.0,40.0
40,41,0.2,0.0,41,11.0,0.03,0.02,0.04,6.666666666666667,0.0
41,42,1.2,1.2,42,11.0,0.03,0.02,0.04,40.0,40.0
42,43,5.2,4.8,43,11.0,0.03,0.02,0.04,173.33333333333334,160.0
43,44,5.6,2.6,44,10.0,0.07,0.07,0.09,79.99999999999999,37.14285714285714
44,45,3.6,3.4,45,11.0,0.03,0.02,0.04,120.00000000000001,113.33333333333333
45,46,10.4,12.2,46,11.0,0.03,0.02,0.04,346.6666666666667,406.6666666666667
46,47,2.6,2.6,47,11.0,0.03,0.02,0.04,86.66666666666667,86.66666666666667
47,48,4.2,2.4,48,11.0,0.03,0.02,0.04,140.0,80.0
48,49,2.0,2.2,49,9.0,0.1,0.09,0.12,20.0,22.0
49,50,1.6,0.8,50,11.0,0.03,0.02,0.04,53.333333333333336,26.666666666666668
50,51,1.0,0.6,51,9.0,0.1,0.09,0.12,10.0,5.999999999999999
51,52,5.8,4.0,52,7.0,0.05,0.04,0.05,115.99999999999999,80.0
52,53,7.2,6.4,53,7.0,0.05,0.04,0.05,144.0,128.0
53,54,1.6,1.4,54,7.0,0.05,0.04,0.05,32.0,27.999999999999996
54,55,1.4,1.4,55,11.0,0.03,0.02,0.04,46.666666666666664,46.666666666666664
55,56,3.0,1.8,56,11.0,0.03,0.02,0.04,100.0,60.00000000000001
56,57,3.8,2.8,57,9.0,0.1,0.09,0.12,37.99999999999999,27.999999999999996
57,58,2.6,2.0,58,11.0,0.03,0.02,0.04,86.66666666666667,66.66666666666667
58,59,2.8,2.2,59,7.0,0.05,0.04,0.05,55.99999999999999,44.0
59,60,0.2,0.4,60,9.0,0.1,0.09,0.12,2.0,4.0
60,61,0.4,0.0,61,11.0,0.03,0.02,0.04,13.333333333333334,0.0
61,62,2.0,1.4,62,11.0,0.03,0.02,0.04,66.66666666666667,46.666666666666664
62,63,0.4,0.6,63,9.0,0.1,0.09,0.12,4.0,5.999999999999999
63,64,1.2,0.2,64,9.0,0.1,0.09,0.12,11.999999999999998,2.0
64,65,22.2,31.8,65,7.0,0.05,0.04,0.05,443.99999999999994,636.0
65,66,0.6,1.8,66,11.0,0.03,0.02,0.04,20.0,60.00000000000001
66,67,0.6,1.0,67,10.0,0.07,0.07,0.09,8.571428571428571,14.285714285714285
67,68,0.8,1.0,68,10.0,0.07,0.07,0.09,11.428571428571429,14.285714285714285
68,69,0.8,1.8,69,11.0,0.03,0.02,0.04,26.666666666666668,60.00000000000001
69,70,1.0,1.2,70,9.0,0.1,0.09,0.12,10.0,11.999999999999998
70,71,2.4,1.4,71,7.0,0.05,0.04,0.05,47.99999999999999,27.999999999999996
71,72,1.8,1.2,72,11.0,0.03,0.02,0.04,60.00000000000001,40.0
72,73,1.8,1.4,73,7.0,0.05,0.04,0.05,36.0,27.999999999999996
73,74,1.0,1.8,74,10.0,0.07,0.07,0.09,14.285714285714285,25.71428571428571
74,75,1.2,1.2,75,9.0,0.1,0.09,0.12,11.999999999999998,11.999999999999998
75,76,0.6,0.4,76,10.0,0.07,0.07,0.09,8.571428571428571,5.714285714285714
76,77,4.2,7.2,77,11.0,0.03,0.02,0.04,140.0,240.00000000000003
77,78,10.8,11.0,78,8.0,0.1,0.08,0.12,108.0,110.0
78,79,7.8,9.4,79,9.0,0.1,0.09,0.12,78.0,94.0
79,80,4.8,4.0,80,8.0,0.1,0.08,0.12,47.99999999999999,40.0
80,81,1.0,2.2,81,7.0,0.05,0.04,0.05,20.0,44.0
81,82,1.6,1.4,82,7.0,0.05,0.04,0.05,32.0,27.999999999999996
82,83,5.8,7.0,83,7.0,0.05,0.04,0.05,115.99999999999999,140.0
83,84,1.8,1.8,84,7.0,0.05,0.04,0.05,36.0,36.0
84,85,4.8,6.8,85,7.0,0.05,0.04,0.05,95.99999999999999,136.0
85,86,3.4,2.8,86,7.0,0.05,0.04,0.05,68.0,55.99999999999999
86,87,4.6,4.0,87,9.0,0.1,0.09,0.12,45.99999999999999,40.0
87,88,3.8,4.8,88,9.0,0.1,0.09,0.12,37.99999999999999,47.99999999999999
88,89,1.0,1.0,89,10.0,0.07,0.07,0.09,14.285714285714285,14.285714285714285
89,90,1.4,1.0,90,9.0,0.1,0.09,0.12,13.999999999999998,10.0
90,91,0.6,1.2,91,7.0,0.05,0.04,0.05,11.999999999999998,23.999999999999996
91,92,6.6,4.2,92,9.0,0.1,0.09,0.12,65.99999999999999,42.0
92,93,0.4,0.8,93,4.0,0.04,0.03,0.05,10.0,20.0
93,94,1.0,0.6,94,8.0,0.1,0.08,0.12,10.0,5.999999999999999
94,95,1.8,2.4,95,8.0,0.1,0.08,0.12,18.0,23.999999999999996
95,96,1.4,1.2,96,9.0,0.1,0.09,0.12,13.999999999999998,11.999999999999998
96,97,0.6,1.0,97,8.0,0.1,0.08,0.12,5.999999999999999,10.0
97,98,2.0,2.2,98,9.0,0.1,0.09,0.12,20.0,22.0
98,99,3.2,1.8,99,4.0,0.04,0.03,0.05,80.0,45.0
99,100,1.4,1.0,100,9.0,0.1,0.09,0.12,13.999999999999998,10.0
100,101,3.8,4.0,101,8.0,0.1,0.08,0.12,37.99999999999999,40.0
101,102,3.4,1.8,102,9.0,0.1,0.09,0.12,34.0,18.0
102,103,1.6,1.0,103,7.0,0.05,0.04,0.05,32.0,20.0
103,104,3.8,5.4,104,8.0,0.1,0.08,0.12,37.99999999999999,54.0
104,105,0.8,1.2,105,9.0,0.1,0.09,0.12,8.0,11.999999999999998
105,106,2.2,2.6,106,4.0,0.04,0.03,0.05,55.0,65.0
106,107,2.4,0.8,107,8.0,0.1,0.08,0.12,23.999999999999996,8.0
107,108,9.6,6.6,108,9.0,0.1,0.09,0.12,95.99999999999999,65.99999999999999
108,109,12.8,11.0,109,7.0,0.05,0.04,0.05,256.0,220.0
109,110,1.0,1.0,110,4.0,0.04,0.03,0.05,25.0,25.0
110,111,2.4,1.6,111,4.0,0.04,0.03,0.05,60.0,40.0
111,112,2.4,1.2,112,4.0,0.04,0.03,0.05,60.0,30.0
112,113,1.4,1.6,113,8.0,0.1,0.08,0.12,13.999999999999998,16.0
113,114,0.4,0.6,114,9.0,0.1,0.09,0.12,4.0,5.999999999999999
114,115,3.0,2.4,115,7.0,0.05,0.04,0.05,60.0,47.99999999999999
115,116,2.8,1.8,116,9.0,0.1,0.09,0.12,27.999999999999996,18.0
116,117,3.2,2.2,117,7.0,0.05,0.04,0.05,64.0,44.0
117,118,0.0,0.0,118,7.0,0.05,0.04,0.05,0.0,0.0
118,119,5.0,4.4,119,8.0,0.1,0.08,0.12,50.0,44.0
119,120,2.2,0.6,120,8.0,0.1,0.08,0.12,22.0,5.999999999999999
120,121,2.2,0.8,121,7.0,0.05,0.04,0.05,44.0,16.0
121,122,2.4,1.8,122,7.0,0.05,0.04,0.05,47.99999999999999,36.0
122,123,4.0,2.4,123,8.0,0.1,0.08,0.12,40.0,23.999999999999996
123,124,12.2,10.2,124,9.0,0.1,0.09,0.12,121.99999999999999,101.99999999999999
124,125,4.0,3.6,125,9.0,0.1,0.09,0.12,40.0,36.0
125,126,1.6,1.8,126,9.0,0.1,0.09,0.12,16.0,18.0
126,127,5.6,3.4,127,8.0,0.1,0.08,0.12,55.99999999999999,34.0
127,128,13.4,7.8,128,8.0,0.1,0.08,0.12,134.0,78.0
128,129,8.6,5.0,129,9.0,0.1,0.09,0.12,85.99999999999999,50.0
129,130,9.8,6.8,130,9.0,0.1,0.09,0.12,98.0,68.0
130,131,1.0,0.8,131,4.0,0.04,0.03,0.05,25.0,20.0
131,132,0.8,0.6,132,4.0,0.04,0.03,0.05,20.0,15.0
132,133,7.0,3.4,133,9.0,0.1,0.09,0.12,70.0,34.0
133,134,7.8,2.8,134,9.0,0.1,0.09,0.12,78.0,27.999999999999996
134,135,12.2,9.2,135,9.0,0.1,0.09,0.12,121.99999999999999,91.99999999999999
135,136,2.0,1.8,136,4.0,0.04,0.03,0.05,50.0,45.0
136,137,4.8,4.0,137,8.0,0.1,0.08,0.12,47.99999999999999,40.0
137,138,6.4,4.8,138,8.0,0.1,0.08,0.12,64.0,47.99999999999999
138,139,7.2,3.8,139,8.0,0.1,0.08,0.12,72.0,37.99999999999999
139,140,8.6,5.6,140,8.0,0.1,0.08,0.12,85.99999999999999,55.99999999999999
140,141,8.8,3.8,141,9.0,0.1,0.09,0.12,88.0,37.99999999999999
141,142,2.8,2.0,142,8.0,0.1,0.08,0.12,27.999999999999996,20.0
142,143,5.6,3.8,143,8.0,0.1,0.08,0.12,55.99999999999999,37.99999999999999
143,144,8.8,4.8,144,8.0,0.1,0.08,0.12,88.0,47.99999999999999
144,145,0.8,0.4,145,7.0,0.05,0.04,0.05,16.0,8.0
145,146,8.4,3.6,146,9.0,0.1,0.09,0.12,84.0,36.0
146,147,5.2,4.2,147,8.0,0.1,0.08,0.12,52.0,42.0
147,148,7.4,8.2,148,10.0,0.07,0.07,0.09,105.71428571428571,117.14285714285712
148,149,3.2,3.2,149,9.0,0.1,0.09,0.12,32.0,32.0
149,150,10.4,6.0,150,9.0,0.1,0.09,0.12,104.0,60.0
150,151,3.0,3.6,151,7.0,0.05,0.04,0.05,60.0,72.0
151,152,3.6,3.4,152,10.0,0.07,0.07,0.09,51.42857142857142,48.57142857142856
152,153,0.8,0.0,153,4.0,0.04,0.03,0.05,20.0,0.0
153,154,1.0,0.8,154,7.0,0.05,0.04,0.05,20.0,16.0
154,155,0.6,1.6,155,4.0,0.04,0.03,0.05,15.0,40.0
155,156,7.2,2.6,156,8.0,0.1,0.08,0.12,72.0,26.0
156,157,20.6,19.0,157,9.0,0.1,0.09,0.12,206.0,190.0
157,158,21.6,16.6,158,9.0,0.1,0.09,0.12,216.0,166.0
158,159,2.4,1.0,159,8.0,0.1,0.08,0.12,23.999999999999996,10.0
159,160,0.8,1.0,160,4.0,0.04,0.03,0.05,20.0,25.0
160,161,3.0,2.0,161,8.0,0.1,0.08,0.12,30.0,20.0
161,162,1.6,1.4,162,8.0,0.1,0.08,0.12,16.0,13.999999999999998
162,163,1.2,0.4,163,4.0,0.04,0.03,0.05,30.0,10.0
163,164,5.8,3.2,164,8.0,0.1,0.08,0.12,57.99999999999999,32.0
164,165,5.8,3.2,165,8.0,0.1,0.08,0.12,57.99999999999999,32.0
165,166,5.0,1.8,166,10.0,0.07,0.07,0.09,71.42857142857142,25.71428571428571
166,167,3.0,2.8,167,8.0,0.1,0.08,0.12,30.0,27.999999999999996
167,168,2.2,2.0,168,4.0,0.04,0.03,0.05,55.0,50.0
168,169,2.0,1.4,169,7.0,0.05,0.04,0.05,40.0,27.999999999999996
169,170,12.2,3.8,170,9.0,0.1,0.09,0.12,121.99999999999999,37.99999999999999
170,171,8.6,3.6,171,9.0,0.1,0.09,0.12,85.99999999999999,36.0
171,172,0.6,0.4,172,4.0,0.04,0.03,0.05,15.0,10.0
172,173,3.2,2.4,173,8.0,0.1,0.08,0.12,32.0,23.999999999999996
173,174,0.4,0.2,174,4.0,0.04,0.03,0.05,10.0,5.0
174,175,1.2,0.4,175,4.0,0.04,0.03,0.05,30.0,10.0
175,176,21.6,12.4,176,9.0,0.1,0.09,0.12,216.0,124.0
176,177,0.6,0.6,177,8.0,0.1,0.08,0.12,5.999999999999999,5.999999999999999
177,178,3.0,2.8,178,8.0,0.1,0.08,0.12,30.0,27.999999999999996
178,179,4.0,1.6,179,8.0,0.1,0.08,0.12,40.0,16.0
179,180,1.2,1.4,180,7.0,0.05,0.04,0.05,23.999999999999996,27.999999999999996
180,181,4.0,2.0,181,8.0,0.1,0.08,0.12,40.0,20.0
181,182,0.4,0.4,182,4.0,0.04,0.03,0.05,10.0,10.0
182,183,15.8,8.4,183,8.0,0.1,0.08,0.12,158.0,84.0
183,184,0.6,0.6,184,4.0,0.04,0.03,0.05,15.0,15.0
184,185,12.6,8.0,185,9.0,0.1,0.09,0.12,125.99999999999999,80.0
185,186,17.2,15.6,186,9.0,0.1,0.09,0.12,171.99999999999997,156.0
186,187,1.2,1.4,187,4.0,0.04,0.03,0.05,30.0,35.0
187,188,23.8,15.0,188,9.0,0.1,0.09,0.12,238.0,150.0
188,189,25.8,22.8,189,10.0,0.07,0.07,0.09,368.57142857142856,325.71428571428567
189,190,13.2,5.8,190,8.0,0.1,0.08,0.12,131.99999999999997,57.99999999999999
190,191,15.6,7.4,191,9.0,0.1,0.09,0.12,156.0,74.0
191,192,0.6,0.8,192,4.0,0.04,0.03,0.05,15.0,20.0
192,193,0.0,0.2,193,4.0,0.04,0.03,0.05,0.0,5.0
193,194,1.0,0.4,194,4.0,0.04,0.03,0.05,25.0,10.0
194,195,2.0,3.0,195,5.0,0.14,0.13,0.19,14.285714285714285,21.428571428571427
195,196,4.8,3.2,196,8.0,0.1,0.08,0.12,47.99999999999999,32.0
196,197,15.6,12.6,197,10.0,0.07,0.07,0.09,222.85714285714283,179.99999999999997
197,198,1.0,0.4,198,4.0,0.04,0.03,0.05,25.0,10.0
198,199,4.0,2.6,199,8.0,0.1,0.08,0.12,40.0,26.0
199,200,2.6,2.2,200,7.0,0.05,0.04,0.05,52.0,44.0
200,201,13.8,7.8,201,8.0,0.1,0.08,0.12,138.0,78.0
201,202,13.4,13.0,202,8.0,0.1,0.08,0.12,134.0,130.0
202,203,3.0,5.2,203,7.0,0.05,0.04,0.05,60.0,104.0
203,204,28.2,13.6,204,8.0,0.1,0.08,0.12,282.0,136.0
204,205,9.2,8.6,205,9.0,0.1,0.09,0.12,91.99999999999999,85.99999999999999
205,206,1.8,1.4,206,4.0,0.04,0.03,0.05,45.0,35.0
206,207,0.8,0.6,207,4.0,0.04,0.03,0.05,20.0,15.0
207,208,1.2,1.2,208,4.0,0.04,0.03,0.05,30.0,30.0
208,209,15.4,14.0,209,10.0,0.07,0.07,0.09,219.99999999999997,199.99999999999997
209,210,0.4,0.4,210,5.0,0.14,0.13,0.19,2.857142857142857,2.857142857142857
210,211,2.4,1.6,211,5.0,0.14,0.13,0.19,17.142857142857142,11.428571428571429
211,212,13.6,6.0,212,8.0,0.1,0.08,0.12,136.0,60.0
212,213,5.2,3.4,213,5.0,0.14,0.13,0.19,37.14285714285714,24.28571428571428
213,214,18.2,18.4,214,10.0,0.07,0.07,0.09,259.99999999999994,262.85714285714283
214,215,5.0,3.8,215,5.0,0.14,0.13,0.19,35.71428571428571,27.14285714285714
215,216,3.2,2.6,216,4.0,0.04,0.03,0.05,80.0,65.0
216,217,3.8,3.2,217,8.0,0.1,0.08,0.12,37.99999999999999,32.0
217,218,2.0,1.6,218,4.0,0.04,0.03,0.05,50.0,40.0
218,219,1.4,1.2,219,4.0,0.04,0.03,0.05,35.0,30.0
219,220,2.2,0.4,220,4.0,0.04,0.03,0.05,55.0,10.0
220,221,23.8,12.8,221,8.0,0.1,0.08,0.12,238.0,128.0
221,222,5.2,3.4,222,5.0,0.14,0.13,0.19,37.14285714285714,24.28571428571428
222,223,30.2,21.4,223,9.0,0.1,0.09,0.12,302.0,213.99999999999997
223,224,8.0,4.6,224,5.0,0.14,0.13,0.19,57.14285714285714,32.857142857142854
224,225,2.2,2.0,225,5.0,0.14,0.13,0.19,15.714285714285714,14.285714285714285
225,226,19.6,10.6,226,5.0,0.14,0.13,0.19,140.0,75.71428571428571
226,227,15.6,16.6,227,5.0,0.14,0.13,0.19,111.42857142857142,118.57142857142857
227,228,4.0,2.8,228,5.0,0.14,0.13,0.19,28.57142857142857,19.999999999999996
228,229,2.4,2.0,229,5.0,0.14,0.13,0.19,17.142857142857142,14.285714285714285
229,230,17.6,9.0,230,9.0,0.1,0.09,0.12,176.0,90.0
230,231,7.2,4.6,231,8.0,0.1,0.08,0.12,72.0,45.99999999999999
231,232,11.2,10.2,232,8.0,0.1,0.08,0.12,111.99999999999999,101.99999999999999
232,233,5.8,4.4,233,5.0,0.14,0.13,0.19,41.42857142857142,31.428571428571427
233,234,7.8,2.4,234,8.0,0.1,0.08,0.12,78.0,23.999999999999996
234,235,1.2,1.0,235,5.0,0.14,0.13,0.19,8.571428571428571,7.142857142857142
235,236,18.8,18.0,236,9.0,0.1,0.09,0.12,188.0,180.0
236,237,2.6,3.0,237,5.0,0.14,0.13,0.19,18.57142857142857,21.428571428571427
237,238,6.4,2.2,238,8.0,0.1,0.08,0.12,64.0,22.0
238,239,5.6,3.0,239,5.0,0.14,0.13,0.19,39.99999999999999,21.428571428571427
239,240,7.6,3.8,240,5.0,0.14,0.13,0.19,54.28571428571428,27.14285714285714
240,241,7.8,5.2,241,5.0,0.14,0.13,0.19,55.71428571428571,37.14285714285714
241,242,38.6,17.8,242,8.0,0.1,0.08,0.12,386.0,178.0
242,243,13.4,8.4,243,5.0,0.14,0.13,0.19,95.71428571428571,60.0
243,244,5.8,4.4,244,5.0,0.14,0.13,0.19,41.42857142857142,31.428571428571427
244,245,13.4,6.8,245,5.0,0.14,0.13,0.19,95.71428571428571,48.57142857142856
245,246,7.8,3.6,246,5.0,0.14,0.13,0.19,55.71428571428571,25.71428571428571
246,247,10.0,5.8,247,5.0,0.14,0.13,0.19,71.42857142857142,41.42857142857142
247,248,3.6,1.6,248,5.0,0.14,0.13,0.19,25.71428571428571,11.428571428571429
248,249,7.2,4.8,249,5.0,0.14,0.13,0.19,51.42857142857142,34.285714285714285
249,250,1.6,2.4,250,1.0,0.08,0.07,0.1,20.0,30.0
250,251,2.6,2.6,251,1.0,0.08,0.07,0.1,32.5,32.5
251,252,6.4,5.2,252,5.0,0.14,0.13,0.19,45.714285714285715,37.14285714285714
252,253,6.4,4.0,253,5.0,0.14,0.13,0.19,45.714285714285715,28.57142857142857
253,254,8.6,5.8,254,5.0,0.14,0.13,0.19,61.42857142857142,41.42857142857142
254,255,10.4,4.0,255,5.0,0.14,0.13,0.19,74.28571428571428,28.57142857142857
255,256,3.4,3.6,256,5.0,0.14,0.13,0.19,24.28571428571428,25.71428571428571
256,257,1.2,1.0,257,1.0,0.08,0.07,0.1,15.0,12.5
257,258,16.4,15.6,258,5.0,0.14,0.13,0.19,117.14285714285712,111.42857142857142
258,259,18.8,25.4,259,5.0,0.14,0.13,0.19,134.28571428571428,181.4285714285714
259,260,1.2,1.6,260,1.0,0.08,0.07,0.1,15.0,20.0
260,261,1.4,2.0,261,1.0,0.08,0.07,0.1,17.5,25.0
261,262,3.8,3.8,262,1.0,0.08,0.07,0.1,47.5,47.5
262,263,4.6,5.8,263,1.0,0.08,0.07,0.1,57.49999999999999,72.5
263,264,4.6,2.6,264,1.0,0.08,0.07,0.1,57.49999999999999,32.5
264,265,19.8,8.8,265,5.0,0.14,0.13,0.19,141.42857142857142,62.857142857142854
265,266,3.0,2.6,266,1.0,0.08,0.07,0.1,37.5,32.5
266,267,11.8,6.0,267,5.0,0.14,0.13,0.19,84.28571428571428,42.857142857142854
267,268,15.6,7.8,268,5.0,0.14,0.13,0.19,111.42857142857142,55.71428571428571
268,269,0.2,0.2,269,1.0,0.08,0.07,0.1,2.5,2.5
269,270,0.6,1.0,270,1.0,0.08,0.07,0.1,7.5,12.5
270,271,1.8,1.0,271,1.0,0.08,0.07,0.1,22.5,12.5
271,272,7.0,5.6,272,5.0,0.14,0.13,0.19,49.99999999999999,39.99999999999999
272,273,2.0,1.2,273,1.0,0.08,0.07,0.1,25.0,15.0
273,274,2.8,0.6,274,1.0,0.08,0.07,0.1,35.0,7.5
274,275,6.0,4.4,275,5.0,0.14,0.13,0.19,42.857142857142854,31.428571428571427
275,276,2.4,1.2,276,1.0,0.08,0.07,0.1,30.0,15.0
276,277,7.4,3.2,277,5.0,0.14,0.13,0.19,52.857142857142854,22.857142857142858
277,278,8.0,4.6,278,5.0,0.14,0.13,0.19,57.14285714285714,32.857142857142854
278,279,3.2,1.0,279,1.0,0.08,0.07,0.1,40.0,12.5
279,280,2.4,2.0,280,1.0,0.08,0.07,0.1,30.0,25.0
280,281,7.0,5.8,281,5.0,0.14,0.13,0.19,49.99999999999999,41.42857142857142
281,282,2.8,1.2,282,1.0,0.08,0.07,0.1,35.0,15.0
282,283,9.2,6.2,283,5.0,0.14,0.13,0.19,65.71428571428571,44.285714285714285
283,284,5.4,4.4,284,1.0,0.08,0.07,0.1,67.5,55.0
284,285,5.2,5.4,285,1.0,0.08,0.07,0.1,65.0,67.5
285,286,21.4,22.2,286,6.0,0.25,0.26,0.32,85.6,88.8
286,287,5.2,3.4,287,1.0,0.08,0.07,0.1,65.0,42.5
287,288,7.0,7.4,288,1.0,0.08,0.07,0.1,87.5,92.5
288,289,8.0,3.6,289,1.0,0.08,0.07,0.1,100.0,45.0
289,290,16.2,8.6,290,5.0,0.14,0.13,0.19,115.7142857142857,61.42857142857142
290,291,1.2,1.2,291,1.0,0.08,0.07,0.1,15.0,15.0
291,292,11.0,15.4,292,5.0,0.14,0.13,0.19,78.57142857142857,109.99999999999999
292,293,2.4,0.8,293,1.0,0.08,0.07,0.1,30.0,10.0
293,294,1.8,0.4,294,1.0,0.08,0.07,0.1,22.5,5.0
294,295,1.2,1.0,295,1.0,0.08,0.07,0.1,15.0,12.5
295,296,21.8,28.4,296,6.0,0.25,0.26,0.32,87.2,113.6
296,297,3.0,2.6,297,1.0,0.08,0.07,0.1,37.5,32.5
297,298,5.8,4.6,298,1.0,0.08,0.07,0.1,72.5,57.49999999999999
298,299,20.8,11.4,299,6.0,0.25,0.26,0.32,83.2,45.6
299,300,7.0,8.0,300,6.0,0.25,0.26,0.32,28.0,32.0
300,301,4.0,3.0,301,5.0,0.14,0.13,0.19,28.57142857142857,21.428571428571427
301,302,10.4,5.8,302,6.0,0.25,0.26,0.32,41.6,23.2
302,303,13.6,9.4,303,5.0,0.14,0.13,0.19,97.14285714285712,67.14285714285714
303,304,15.8,12.8,304,6.0,0.25,0.26,0.32,63.2,51.2
305,306,1.6,1.0,306,1.0,0.08,0.07,0.1,20.0,12.5
306,307,5.6,3.4,307,1.0,0.08,0.07,0.1,70.0,42.5
307,308,8.0,3.8,308,6.0,0.25,0.26,0.32,32.0,15.2
308,309,6.6,5.2,309,1.0,0.08,0.07,0.1,82.5,65.0
309,310,27.4,28.0,310,5.0,0.14,0.13,0.19,195.7142857142857,199.99999999999997
310,311,4.6,3.0,311,2.0,0.2,0.17,0.22,22.999999999999996,15.0
311,312,4.6,4.2,312,1.0,0.08,0.07,0.1,57.49999999999999,52.5
313,314,3.2,2.2,314,1.0,0.08,0.07,0.1,40.0,27.5
314,315,3.2,2.4,315,1.0,0.08,0.07,0.1,40.0,30.0
315,316,2.8,0.8,316,1.0,0.08,0.07,0.1,35.0,10.0
316,317,9.4,6.6,317,2.0,0.2,0.17,0.22,47.0,32.99999999999999
317,318,13.0,13.8,318,5.0,0.14,0.13,0.19,92.85714285714285,98.57142857142857
318,319,16.2,12.0,319,3.0,0.19,0.2,0.25,85.26315789473684,63.1578947368421
319,320,23.2,16.2,320,2.0,0.2,0.17,0.22,115.99999999999999,80.99999999999999
320,321,15.8,16.0,321,5.0,0.14,0.13,0.19,112.85714285714285,114.28571428571428
321,322,31.2,14.6,322,3.0,0.19,0.2,0.25,164.21052631578948,76.84210526315789
322,323,15.6,10.8,323,2.0,0.2,0.17,0.22,78.0,54.0
323,324,3.8,2.6,324,1.0,0.08,0.07,0.1,47.5,32.5
324,325,22.0,18.0,325,5.0,0.14,0.13,0.19,157.14285714285714,128.57142857142856
325,326,15.6,13.4,326,5.0,0.14,0.13,0.19,111.42857142857142,95.71428571428571
326,327,18.6,14.8,327,3.0,0.19,0.2,0.25,97.89473684210527,77.89473684210526
327,328,6.2,5.0,328,2.0,0.2,0.17,0.22,31.0,25.0
328,329,17.0,9.0,329,2.0,0.2,0.17,0.22,85.0,45.0
329,330,44.2,36.2,330,2.0,0.2,0.17,0.22,221.0,181.0
330,331,8.6,9.6,331,2.0,0.2,0.17,0.22,42.99999999999999,47.99999999999999
331,332,4.4,7.6,332,3.0,0.19,0.2,0.25,23.157894736842106,40.0
332,333,12.4,20.0,333,3.0,0.19,0.2,0.25,65.26315789473685,105.26315789473684
333,334,49.8,24.4,334,3.0,0.19,0.2,0.25,262.10526315789474,128.42105263157893
334,335,8.8,4.8,335,2.0,0.2,0.17,0.22,44.0,23.999999999999996
335,336,32.6,31.6,336,2.0,0.2,0.17,0.22,163.0,158.0
336,337,5.4,7.2,337,2.0,0.2,0.17,0.22,27.0,36.0
337,338,10.8,10.2,338,2.0,0.2,0.17,0.22,54.0,50.99999999999999
338,339,23.2,12.4,339,3.0,0.19,0.2,0.25,122.10526315789473,65.26315789473685
339,340,13.8,10.4,340,2.0,0.2,0.17,0.22,69.0,52.0
340,341,13.6,3.2,341,3.0,0.19,0.2,0.25,71.57894736842105,16.842105263157894
341,342,9.8,9.6,342,2.0,0.2,0.17,0.22,49.0,47.99999999999999
342,343,10.4,8.6,343,3.0,0.19,0.2,0.25,54.73684210526316,45.26315789473684
343,344,2.6,3.2,344,3.0,0.19,0.2,0.25,13.68421052631579,16.842105263157894
344,345,9.2,7.6,345,3.0,0.19,0.2,0.25,48.421052631578945,40.0
345,346,17.2,16.2,346,3.0,0.19,0.2,0.25,90.52631578947368,85.26315789473684
346,347,28.0,18.0,347,2.0,0.2,0.17,0.22,140.0,90.0
347,348,5.0,2.6,348,3.0,0.19,0.2,0.25,26.31578947368421,13.68421052631579
348,349,12.8,9.4,349,2.0,0.2,0.17,0.22,64.0,47.0
349,350,12.2,8.2,350,2.0,0.2,0.17,0.22,60.99999999999999,40.99999999999999
350,351,9.0,9.0,351,3.0,0.19,0.2,0.25,47.368421052631575,47.368421052631575
351,352,2.2,2.8,352,3.0,0.19,0.2,0.25,11.578947368421053,14.736842105263158
352,353,16.4,10.6,353,2.0,0.2,0.17,0.22,81.99999999999999,52.99999999999999
353,354,5.0,7.0,354,3.0,0.19,0.2,0.25,26.31578947368421,36.8421052631579
354,355,5.6,4.4,355,3.0,0.19,0.2,0.25,29.473684210526315,23.157894736842106
355,356,5.0,2.4,356,2.0,0.2,0.17,0.22,25.0,11.999999999999998
356,357,22.2,10.0,357,3.0,0.19,0.2,0.25,116.84210526315789,52.63157894736842
357,358,13.4,8.6,358,3.0,0.19,0.2,0.25,70.52631578947368,45.26315789473684
358,359,12.6,12.0,359,2.0,0.2,0.17,0.22,62.99999999999999,60.0
359,360,15.2,13.4,360,2.0,0.2,0.17,0.22,75.99999999999999,67.0
360,361,7.4,3.6,361,3.0,0.19,0.2,0.25,38.94736842105263,18.94736842105263
361,362,48.4,39.0,362,3.0,0.19,0.2,0.25,254.73684210526315,205.26315789473685
362,363,14.2,9.2,363,2.0,0.2,0.17,0.22,70.99999999999999,45.99999999999999
363,364,30.0,11.0,364,3.0,0.19,0.2,0.25,157.89473684210526,57.89473684210526
364,365,8.8,6.2,365,2.0,0.2,0.17,0.22,44.0,31.0
365,366,11.0,9.6,366,2.0,0.2,0.17,0.22,55.0,47.99999999999999
366,367,24.8,12.0,367,3.0,0.19,0.2,0.25,130.5263157894737,63.1578947368421
367,368,5.2,3.0,368,2.0,0.2,0.17,0.22,26.0,15.0
368,369,14.0,12.2,369,2.0,0.2,0.17,0.22,70.0,60.99999999999999
369,370,8.4,4.8,370,2.0,0.2,0.17,0.22,42.0,23.999999999999996
370,371,5.0,2.2,371,3.0,0.19,0.2,0.25,26.31578947368421,11.578947368421053
371,372,7.2,28.8,372,3.0,0.19,0.2,0.25,37.89473684210526,151.57894736842104
372,373,18.0,8.6,373,3.0,0.19,0.2,0.25,94.73684210526315,45.26315789473684
373,374,2.2,3.0,374,3.0,0.19,0.2,0.25,11.578947368421053,15.789473684210526
374,375,3.0,3.4,375,2.0,0.2,0.17,0.22,15.0,17.0
375,376,6.6,4.4,376,3.0,0.19,0.2,0.25,34.73684210526316,23.157894736842106
376,377,8.8,6.4,377,2.0,0.2,0.17,0.22,44.0,32.0
377,378,11.2,8.8,378,2.0,0.2,0.17,0.22,55.99999999999999,44.0
378,379,7.0,2.8,379,2.0,0.2,0.17,0.22,35.0,13.999999999999998
379,380,11.2,11.0,380,2.0,0.2,0.17,0.22,55.99999999999999,55.0
380,381,10.8,8.6,381,3.0,0.19,0.2,0.25,56.8421052631579,45.26315789473684
381,382,5.6,4.0,382,3.0,0.19,0.2,0.25,29.473684210526315,21.05263157894737
382,383,7.0,4.2,383,2.0,0.2,0.17,0.22,35.0,21.0
385,386,0.0,0.2,386,10.0,0.07,0.07,0.09,0.0,2.857142857142857
386,387,0.0,0.0,387,10.0,0.07,0.07,0.09,0.0,0.0
387,388,1.0,0.4,388,10.0,0.07,0.07,0.09,14.285714285714285,5.714285714285714
388,389,2.0,0.4,389,10.0,0.07,0.07,0.09,28.57142857142857,5.714285714285714
389,390,1.8,2.4,390,7.0,0.05,0.04,0.05,36.0,47.99999999999999
390,391,1.8,2.2,391,8.0,0.1,0.08,0.12,18.0,22.0
391,392,1.4,1.4,392,7.0,0.05,0.04,0.05,27.999999999999996,27.999999999999996
392,393,0.6,1.2,393,7.0,0.05,0.04,0.05,11.999999999999998,23.999999999999996
393,394,4.2,2.2,394,7.0,0.05,0.04,0.05,84.0,44.0
394,395,1.6,1.6,395,7.0,0.05,0.04,0.05,32.0,32.0
395,396,0.6,2.6,396,7.0,0.05,0.04,0.05,11.999999999999998,52.0
396,397,0.4,0.6,397,7.0,0.05,0.04,0.05,8.0,11.999999999999998
397,398,0.6,0.6,398,10.0,0.07,0.07,0.09,8.571428571428571,8.571428571428571
398,399,0.8,0.4,399,10.0,0.07,0.07,0.09,11.428571428571429,5.714285714285714
399,400,2.2,4.8,400,7.0,0.05,0.04,0.05,44.0,95.99999999999999
400,401,2.8,6.2,401,7.0,0.05,0.04,0.05,55.99999999999999,124.0
401,402,1.2,3.6,402,7.0,0.05,0.04,0.05,23.999999999999996,72.0
402,403,4.0,4.6,403,8.0,0.1,0.08,0.12,40.0,45.99999999999999
403,404,2.8,3.8,404,8.0,0.1,0.08,0.12,27.999999999999996,37.99999999999999
404,405,0.4,0.4,405,7.0,0.05,0.04,0.05,8.0,8.0
405,406,0.6,1.0,406,10.0,0.07,0.07,0.09,8.571428571428571,14.285714285714285
406,407,2.2,1.4,407,10.0,0.07,0.07,0.09,31.428571428571427,19.999999999999996
407,408,2.8,1.8,408,10.0,0.07,0.07,0.09,39.99999999999999,25.71428571428571
408,409,4.2,4.8,409,10.0,0.07,0.07,0.09,60.0,68.57142857142857
409,410,0.8,1.0,410,10.0,0.07,0.07,0.09,11.428571428571429,14.285714285714285
410,411,1.0,1.2,411,10.0,0.07,0.07,0.09,14.285714285714285,17.142857142857142
411,412,7.8,2.8,412,9.0,0.1,0.09,0.12,78.0,27.999999999999996
412,413,1.6,1.6,413,9.0,0.1,0.09,0.12,16.0,16.0
413,414,4.0,1.2,414,4.0,0.04,0.03,0.05,100.0,30.0
414,415,0.8,1.2,415,4.0,0.04,0.03,0.05,20.0,30.0
415,416,0.2,0.0,416,4.0,0.04,0.03,0.05,5.0,0.0
416,417,0.6,1.6,417,4.0,0.04,0.03,0.05,15.0,40.0
417,418,0.6,2.0,418,4.0,0.04,0.03,0.05,15.0,50.0
418,419,0.2,0.2,419,4.0,0.04,0.03,0.05,5.0,5.0
419,420,2.2,3.6,420,7.0,0.05,0.04,0.05,44.0,72.0
420,421,1.4,2.2,421,7.0,0.05,0.04,0.05,27.999999999999996,44.0
421,422,0.2,0.6,422,4.0,0.04,0.03,0.05,5.0,15.0
422,423,0.4,0.4,423,4.0,0.04,0.03,0.05,10.0,10.0
423,424,1.8,1.6,424,4.0,0.04,0.03,0.05,45.0,40.0
424,425,1.4,0.8,425,4.0,0.04,0.03,0.05,35.0,20.0
425,426,0.6,0.8,426,4.0,0.04,0.03,0.05,15.0,20.0
426,427,0.6,1.0,427,4.0,0.04,0.03,0.05,15.0,25.0
427,428,1.6,0.6,428,10.0,0.07,0.07,0.09,22.857142857142858,8.571428571428571
428,429,2.6,3.0,429,10.0,0.07,0.07,0.09,37.14285714285714,42.857142857142854
429,430,3.8,4.4,430,7.0,0.05,0.04,0.05,75.99999999999999,88.0
430,431,3.0,2.4,431,7.0,0.05,0.04,0.05,60.0,47.99999999999999
431,432,0.6,0.4,432,9.0,0.1,0.09,0.12,5.999999999999999,4.0
432,433,0.2,0.2,433,9.0,0.1,0.09,0.12,2.0,2.0
433,434,1.6,1.4,434,4.0,0.04,0.03,0.05,40.0,35.0
434,435,0.8,0.8,435,4.0,0.04,0.03,0.05,20.0,20.0
435,436,1.2,0.6,436,7.0,0.05,0.04,0.05,23.999999999999996,11.999999999999998
436,437,1.2,1.6,437,7.0,0.05,0.04,0.05,23.999999999999996,32.0
437,438,0.2,0.4,438,4.0,0.04,0.03,0.05,5.0,10.0
438,439,1.2,1.6,439,4.0,0.04,0.03,0.05,30.0,40.0
439,440,4.2,1.6,440,7.0,0.05,0.04,0.05,84.0,32.0
440,441,2.8,2.0,441,7.0,0.05,0.04,0.05,55.99999999999999,40.0
441,442,0.6,1.6,442,7.0,0.05,0.04,0.05,11.999999999999998,32.0
442,443,0.6,0.8,443,10.0,0.07,0.07,0.09,8.571428571428571,11.428571428571429
443,444,0.0,0.2,444,10.0,0.07,0.07,0.09,0.0,2.857142857142857
444,445,0.8,0.6,445,10.0,0.07,0.07,0.09,11.428571428571429,8.571428571428571
445,446,0.0,0.0,446,10.0,0.07,0.07,0.09,0.0,0.0
446,447,0.4,0.2,447,9.0,0.1,0.09,0.12,4.0,2.0
447,448,0.8,0.8,448,9.0,0.1,0.09,0.12,8.0,8.0
448,449,1.6,1.4,449,4.0,0.04,0.03,0.05,40.0,35.0
449,450,0.6,0.8,450,4.0,0.04,0.03,0.05,15.0,20.0
450,451,1.0,1.0,451,4.0,0.04,0.03,0.05,25.0,25.0
451,452,1.6,0.8,452,4.0,0.04,0.03,0.05,40.0,20.0
452,453,0.2,0.8,453,9.0,0.1,0.09,0.12,2.0,8.0
453,454,1.2,1.8,454,9.0,0.1,0.09,0.12,11.999999999999998,18.0
454,455,2.8,2.0,455,8.0,0.1,0.08,0.12,27.999999999999996,20.0
455,456,1.4,1.6,456,8.0,0.1,0.08,0.12,13.999999999999998,16.0
456,457,4.2,3.4,457,8.0,0.1,0.08,0.12,42.0,34.0
457,458,1.0,0.6,458,4.0,0.04,0.03,0.05,25.0,15.0
458,459,0.2,0.2,459,4.0,0.04,0.03,0.05,5.0,5.0
459,460,1.2,1.2,460,8.0,0.1,0.08,0.12,11.999999999999998,11.999999999999998
460,461,1.6,1.6,461,8.0,0.1,0.08,0.12,16.0,16.0
461,462,2.6,1.2,462,8.0,0.1,0.08,0.12,26.0,11.999999999999998
462,463,1.6,1.6,463,8.0,0.1,0.08,0.12,16.0,16.0
463,464,4.2,3.4,464,9.0,0.1,0.09,0.12,42.0,34.0
464,465,4.8,2.6,465,9.0,0.1,0.09,0.12,47.99999999999999,26.0
465,466,8.4,10.2,466,10.0,0.07,0.07,0.09,120.0,145.7142857142857
466,467,3.4,1.6,467,9.0,0.1,0.09,0.12,34.0,16.0
467,468,1.6,0.6,468,4.0,0.04,0.03,0.05,40.0,15.0
468,469,0.8,0.2,469,4.0,0.04,0.03,0.05,20.0,5.0
469,470,1.6,0.4,470,4.0,0.04,0.03,0.05,40.0,10.0
470,471,0.2,0.4,471,4.0,0.04,0.03,0.05,5.0,10.0
471,472,0.2,0.0,472,4.0,0.04,0.03,0.05,5.0,0.0
472,473,0.8,0.6,473,4.0,0.04,0.03,0.05,20.0,15.0
473,474,1.0,0.6,474,4.0,0.04,0.03,0.05,25.0,15.0
474,475,2.0,0.4,475,4.0,0.04,0.03,0.05,50.0,10.0
475,476,0.8,0.2,476,4.0,0.04,0.03,0.05,20.0,5.0
476,477,2.0,1.0,477,8.0,0.1,0.08,0.12,20.0,10.0
477,478,0.6,0.6,478,8.0,0.1,0.08,0.12,5.999999999999999,5.999999999999999
478,479,3.2,1.0,479,7.0,0.05,0.04,0.05,64.0,20.0
479,480,0.4,0.6,480,7.0,0.05,0.04,0.05,8.0,11.999999999999998
480,481,0.6,0.4,481,7.0,0.05,0.04,0.05,11.999999999999998,8.0
481,482,0.2,0.0,482,7.0,0.05,0.04,0.05,4.0,0.0
482,483,9.4,10.6,483,10.0,0.07,0.07,0.09,134.28571428571428,151.42857142857142
483,484,7.2,4.8,484,10.0,0.07,0.07,0.09,102.85714285714285,68.57142857142857
484,485,3.4,3.8,485,10.0,0.07,0.07,0.09,48.57142857142856,54.28571428571428
485,486,6.6,4.6,486,10.0,0.07,0.07,0.09,94.28571428571428,65.71428571428571
486,487,2.2,3.2,487,10.0,0.07,0.07,0.09,31.428571428571427,45.714285714285715
487,488,2.6,6.8,488,10.0,0.07,0.07,0.09,37.14285714285714,97.14285714285712
488,489,3.6,7.6,489,10.0,0.07,0.07,0.09,51.42857142857142,108.57142857142856
489,490,3.8,5.0,490,10.0,0.07,0.07,0.09,54.28571428571428,71.42857142857142
490,491,11.6,13.0,491,10.0,0.07,0.07,0.09,165.7142857142857,185.7142857142857
491,492,4.8,5.0,492,10.0,0.07,0.07,0.09,68.57142857142857,71.42857142857142
492,493,0.2,0.0,493,10.0,0.07,0.07,0.09,2.857142857142857,0.0
493,494,2.2,1.6,494,10.0,0.07,0.07,0.09,31.428571428571427,22.857142857142858
494,495,2.6,1.8,495,10.0,0.07,0.07,0.09,37.14285714285714,25.71428571428571
495,496,1.4,1.4,496,4.0,0.04,0.03,0.05,35.0,35.0
496,497,0.4,0.8,497,4.0,0.04,0.03,0.05,10.0,20.0
497,498,0.6,0.0,498,4.0,0.04,0.03,0.05,15.0,0.0
498,499,0.2,0.2,499,4.0,0.04,0.03,0.05,5.0,5.0
499,500,1.2,0.8,500,7.0,0.05,0.04,0.05,23.999999999999996,16.0
500,501,2.0,0.4,501,7.0,0.05,0.04,0.05,40.0,8.0
501,502,1.0,1.2,502,7.0,0.05,0.04,0.05,20.0,23.999999999999996
502,503,2.8,2.4,503,7.0,0.05,0.04,0.05,55.99999999999999,47.99999999999999
503,504,0.2,0.0,504,4.0,0.04,0.03,0.05,5.0,0.0
504,505,0.2,0.2,505,4.0,0.04,0.03,0.05,5.0,5.0
505,506,0.2,0.8,506,4.0,0.04,0.03,0.05,5.0,20.0
506,507,0.4,0.8,507,4.0,0.04,0.03,0.05,10.0,20.0
507,508,0.0,0.0,508,4.0,0.04,0.03,0.05,0.0,0.0
508,509,0.8,0.4,509,4.0,0.04,0.03,0.05,20.0,10.0
509,510,0.4,0.0,510,4.0,0.04,0.03,0.05,10.0,0.0
510,511,1.6,0.4,511,4.0,0.04,0.03,0.05,40.0,10.0
511,512,0.8,0.2,512,4.0,0.04,0.03,0.05,20.0,5.0
512,513,0.6,1.8,513,7.0,0.05,0.04,0.05,11.999999999999998,36.0
513,514,0.4,0.4,514,7.0,0.05,0.04,0.05,8.0,8.0
514,515,0.4,0.6,515,4.0,0.04,0.03,0.05,10.0,15.0
515,516,0.6,0.4,516,4.0,0.04,0.03,0.05,15.0,10.0
516,517,1.0,0.4,517,7.0,0.05,0.04,0.05,20.0,8.0
517,518,0.0,1.0,518,7.0,0.05,0.04,0.05,0.0,20.0
518,519,17.8,20.8,519,10.0,0.07,0.07,0.09,254.28571428571428,297.1428571428571
519,520,11.4,11.2,520,10.0,0.07,0.07,0.09,162.85714285714283,159.99999999999997
520,521,20.2,20.8,521,10.0,0.07,0.07,0.09,288.57142857142856,297.1428571428571
521,522,12.6,11.4,522,10.0,0.07,0.07,0.09,179.99999999999997,162.85714285714283
522,523,0.6,0.4,523,7.0,0.05,0.04,0.05,11.999999999999998,8.0
523,524,0.0,0.4,524,7.0,0.05,0.04,0.05,0.0,8.0
524,525,0.4,0.2,525,4.0,0.04,0.03,0.05,10.0,5.0
525,526,1.0,0.6,526,4.0,0.04,0.03,0.05,25.0,15.0
526,527,1.4,1.6,527,7.0,0.05,0.04,0.05,27.999999999999996,32.0
527,528,0.6,0.2,528,7.0,0.05,0.04,0.05,11.999999999999998,4.0
528,529,2.8,1.4,529,7.0,0.05,0.04,0.05,55.99999999999999,27.999999999999996
529,530,0.6,0.8,530,7.0,0.05,0.04,0.05,11.999999999999998,16.0
530,531,0.6,0.8,531,4.0,0.04,0.03,0.05,15.0,20.0
531,532,0.8,0.6,532,4.0,0.04,0.03,0.05,20.0,15.0
532,533,8.4,3.4,533,8.0,0.1,0.08,0.12,84.0,34.0
533,534,9.2,3.8,534,8.0,0.1,0.08,0.12,91.99999999999999,37.99999999999999
534,535,3.4,5.2,535,10.0,0.07,0.07,0.09,48.57142857142856,74.28571428571428
535,536,6.4,11.8,536,10.0,0.07,0.07,0.09,91.42857142857143,168.57142857142856
536,537,16.2,16.8,537,9.0,0.1,0.09,0.12,161.99999999999997,168.0
537,538,46.8,56.8,538,10.0,0.07,0.07,0.09,668.5714285714284,811.4285714285713
538,539,6.4,8.4,539,10.0,0.07,0.07,0.09,91.42857142857143,120.0
539,540,3.4,4.2,540,10.0,0.07,0.07,0.09,48.57142857142856,60.0
540,541,0.2,0.0,541,4.0,0.04,0.03,0.05,5.0,0.0
541,542,1.2,1.2,542,4.0,0.04,0.03,0.05,30.0,30.0
542,543,16.8,15.8,543,10.0,0.07,0.07,0.09,240.0,225.7142857142857
543,544,14.4,7.8,544,10.0,0.07,0.07,0.09,205.7142857142857,111.42857142857142
544,545,2.0,2.0,545,7.0,0.05,0.04,0.05,40.0,40.0
545,546,1.8,1.6,546,5.0,0.14,0.13,0.19,12.857142857142856,11.428571428571429
546,547,1.8,1.2,547,7.0,0.05,0.04,0.05,36.0,23.999999999999996
547,548,1.0,0.6,548,4.0,0.04,0.03,0.05,25.0,15.0
548,549,1.0,1.0,549,4.0,0.04,0.03,0.05,25.0,25.0
549,550,0.4,0.0,550,4.0,0.04,0.03,0.05,10.0,0.0
550,551,0.2,0.0,551,4.0,0.04,0.03,0.05,5.0,0.0
551,552,0.0,1.0,552,4.0,0.04,0.03,0.05,0.0,25.0
552,553,2.8,2.2,553,5.0,0.14,0.13,0.19,19.999999999999996,15.714285714285714
553,554,0.6,0.8,554,8.0,0.1,0.08,0.12,5.999999999999999,8.0
554,555,1.6,1.2,555,4.0,0.04,0.03,0.05,40.0,30.0
555,556,2.2,2.4,556,4.0,0.04,0.03,0.05,55.0,60.0
556,557,24.0,32.4,557,6.0,0.25,0.26,0.32,96.0,129.6
557,558,18.4,19.2,558,10.0,0.07,0.07,0.09,262.85714285714283,274.2857142857143
558,559,4.4,4.0,559,10.0,0.07,0.07,0.09,62.857142857142854,57.14285714285714
559,560,8.4,3.6,560,8.0,0.1,0.08,0.12,84.0,36.0
560,561,7.0,6.4,561,8.0,0.1,0.08,0.12,70.0,64.0
561,562,2.0,1.0,562,8.0,0.1,0.08,0.12,20.0,10.0
562,563,8.6,6.4,563,8.0,0.1,0.08,0.12,85.99999999999999,64.0
563,564,8.8,7.0,564,8.0,0.1,0.08,0.12,88.0,70.0
564,565,9.6,7.6,565,8.0,0.1,0.08,0.12,95.99999999999999,75.99999999999999
565,566,6.6,3.4,566,8.0,0.1,0.08,0.12,65.99999999999999,34.0
566,567,23.0,13.2,567,8.0,0.1,0.08,0.12,230.0,131.99999999999997
567,568,26.0,37.2,568,9.0,0.1,0.09,0.12,260.0,372.0
568,569,32.0,46.6,569,10.0,0.07,0.07,0.09,457.1428571428571,665.7142857142857
569,570,33.0,36.2,570,10.0,0.07,0.07,0.09,471.4285714285714,517.1428571428571
570,571,30.0,40.4,571,10.0,0.07,0.07,0.09,428.57142857142856,577.1428571428571
571,572,12.8,16.4,572,10.0,0.07,0.07,0.09,182.85714285714286,234.28571428571425
572,573,18.2,32.6,573,10.0,0.07,0.07,0.09,259.99999999999994,465.71428571428567
573,574,0.8,0.6,574,8.0,0.1,0.08,0.12,8.0,5.999999999999999
574,575,4.2,2.8,575,5.0,0.14,0.13,0.19,30.0,19.999999999999996
575,576,1.6,1.2,576,1.0,0.08,0.07,0.1,20.0,15.0
576,577,0.6,0.6,577,1.0,0.08,0.07,0.1,7.5,7.5
577,578,10.2,14.2,578,6.0,0.25,0.26,0.32,40.8,56.8
578,579,33.8,36.2,579,6.0,0.25,0.26,0.32,135.2,144.8
579,580,3.8,2.0,580,1.0,0.08,0.07,0.1,47.5,25.0
580,581,1.2,1.4,581,1.0,0.08,0.07,0.1,15.0,17.5
581,582,7.4,9.8,582,1.0,0.08,0.07,0.1,92.5,122.5
582,583,3.8,3.6,583,1.0,0.08,0.07,0.1,47.5,45.0
583,584,5.8,7.4,584,1.0,0.08,0.07,0.1,72.5,92.5
584,585,7.4,8.4,585,5.0,0.14,0.13,0.19,52.857142857142854,60.0
585,586,7.8,11.2,586,1.0,0.08,0.07,0.1,97.5,140.0
586,587,14.4,13.8,587,5.0,0.14,0.13,0.19,102.85714285714285,98.57142857142857
587,588,6.8,18.0,588,5.0,0.14,0.13,0.19,48.57142857142856,128.57142857142856
588,589,18.4,20.6,589,6.0,0.25,0.26,0.32,73.6,82.4
589,590,15.4,18.0,590,9.0,0.1,0.09,0.12,154.0,180.0
590,591,81.2,115.4,591,6.0,0.25,0.26,0.32,324.8,461.6
591,592,29.4,26.0,592,9.0,0.1,0.09,0.12,293.99999999999994,260.0
592,593,1.0,1.0,593,1.0,0.08,0.07,0.1,12.5,12.5
593,594,2.4,1.4,594,1.0,0.08,0.07,0.1,30.0,17.5
594,595,21.0,23.6,595,6.0,0.25,0.26,0.32,84.0,94.4
595,596,8.0,11.0,596,6.0,0.25,0.26,0.32,32.0,44.0
596,597,13.2,16.8,597,6.0,0.25,0.26,0.32,52.8,67.2
597,598,8.0,13.4,598,6.0,0.25,0.26,0.32,32.0,53.6
598,599,42.4,55.0,599,6.0,0.25,0.26,0.32,169.6,220.0
599,600,11.6,21.8,600,6.0,0.25,0.26,0.32,46.4,87.2
600,601,15.6,19.6,601,6.0,0.25,0.26,0.32,62.4,78.4
601,602,6.6,12.2,602,6.0,0.25,0.26,0.32,26.4,48.8
602,603,11.6,21.4,603,6.0,0.25,0.26,0.32,46.4,85.6
603,604,37.2,70.6,604,6.0,0.25,0.26,0.32,148.8,282.4
604,605,26.0,30.2,605,6.0,0.25,0.26,0.32,104.0,120.8
605,606,4.8,2.0,606,10.0,0.07,0.07,0.09,68.57142857142857,28.57142857142857
606,607,4.0,2.4,607,10.0,0.07,0.07,0.09,57.14285714285714,34.285714285714285
607,608,63.0,59.8,608,6.0,0.25,0.26,0.32,252.0,239.2
608,609,11.2,16.4,609,6.0,0.25,0.26,0.32,44.8,65.6
609,610,12.2,7.2,610,5.0,0.14,0.13,0.19,87.14285714285712,51.42857142857142
610,611,17.8,11.4,611,5.0,0.14,0.13,0.19,127.14285714285714,81.42857142857142
611,612,1.0,0.4,612,1.0,0.08,0.07,0.1,12.5,5.0
612,613,2.0,0.6,613,1.0,0.08,0.07,0.1,25.0,7.5
613,614,8.2,7.2,614,1.0,0.08,0.07,0.1,102.49999999999999,90.0
614,615,15.0,11.4,615,1.0,0.08,0.07,0.1,187.5,142.5
615,616,0.4,0.4,616,1.0,0.08,0.07,0.1,5.0,5.0
616,617,0.6,0.4,617,1.0,0.08,0.07,0.1,7.5,5.0
617,618,13.6,9.4,618,5.0,0.14,0.13,0.19,97.14285714285712,67.14285714285714
618,619,25.2,19.4,619,5.0,0.14,0.13,0.19,179.99999999999997,138.57142857142856
619,620,17.4,17.4,620,6.0,0.25,0.26,0.32,69.6,69.6
620,621,11.8,10.4,621,6.0,0.25,0.26,0.32,47.2,41.6
621,622,21.6,17.8,622,6.0,0.25,0.26,0.32,86.4,71.2
622,623,14.6,8.8,623,6.0,0.25,0.26,0.32,58.4,35.2
623,624,3.2,2.0,624,1.0,0.08,0.07,0.1,40.0,25.0
624,625,1.0,0.8,625,1.0,0.08,0.07,0.1,12.5,10.0
625,626,17.4,16.4,626,6.0,0.25,0.26,0.32,69.6,65.6
626,627,15.4,11.8,627,6.0,0.25,0.26,0.32,61.6,47.2
627,628,20.0,19.6,628,6.0,0.25,0.26,0.32,80.0,78.4
628,629,14.4,9.4,629,6.0,0.25,0.26,0.32,57.6,37.6
629,630,15.2,22.4,630,6.0,0.25,0.26,0.32,60.8,89.6
630,631,15.0,13.2,631,6.0,0.25,0.26,0.32,60.0,52.8
631,632,15.2,11.0,632,6.0,0.25,0.26,0.32,60.8,44.0
632,633,5.6,6.0,633,6.0,0.25,0.26,0.32,22.4,24.0
633,634,2.0,0.8,634,1.0,0.08,0.07,0.1,25.0,10.0
634,635,3.0,0.8,635,1.0,0.08,0.07,0.1,37.5,10.0
635,636,4.2,3.0,636,1.0,0.08,0.07,0.1,52.5,37.5
636,637,4.2,1.2,637,1.0,0.08,0.07,0.1,52.5,15.0
637,638,6.4,9.2,638,6.0,0.25,0.26,0.32,25.6,36.8
638,639,8.8,18.0,639,6.0,0.25,0.26,0.32,35.2,72.0
639,640,17.6,38.4,640,6.0,0.25,0.26,0.32,70.4,153.6
640,641,36.4,36.6,641,6.0,0.25,0.26,0.32,145.6,146.4
641,642,30.6,27.4,642,6.0,0.25,0.26,0.32,122.4,109.6
642,643,20.8,23.2,643,6.0,0.25,0.26,0.32,83.2,92.8
643,644,44.8,54.8,644,6.0,0.25,0.26,0.32,179.2,219.2
644,645,22.0,19.8,645,6.0,0.25,0.26,0.32,88.0,79.2
645,646,17.0,14.8,646,6.0,0.25,0.26,0.32,68.0,59.2
646,647,55.8,73.6,647,6.0,0.25,0.26,0.32,223.2,294.4
647,648,31.4,34.0,648,6.0,0.25,0.26,0.32,125.6,136.0
648,649,35.6,36.6,649,6.0,0.25,0.26,0.32,142.4,146.4
649,650,9.6,6.6,650,6.0,0.25,0.26,0.32,38.4,26.4
650,651,13.6,13.8,651,10.0,0.07,0.07,0.09,194.28571428571425,197.14285714285714
651,652,16.6,20.4,652,6.0,0.25,0.26,0.32,66.4,81.6
652,653,8.2,7.2,653,6.0,0.25,0.26,0.32,32.8,28.8
653,654,7.2,6.0,654,6.0,0.25,0.26,0.32,28.8,24.0
654,655,9.4,10.2,655,6.0,0.25,0.26,0.32,37.6,40.8
655,656,1.4,4.6,656,6.0,0.25,0.26,0.32,5.6,18.4
656,657,14.6,31.0,657,6.0,0.25,0.26,0.32,58.4,124.0
657,658,30.2,34.4,658,1.0,0.08,0.07,0.1,377.5,430.0
658,659,7.8,9.8,659,1.0,0.08,0.07,0.1,97.5,122.5
659,660,2.4,2.2,660,1.0,0.08,0.07,0.1,30.0,27.5
660,661,3.4,2.0,661,1.0,0.08,0.07,0.1,42.5,25.0
661,662,5.2,4.0,662,2.0,0.2,0.17,0.22,26.0,20.0
662,663,8.8,12.6,663,5.0,0.14,0.13,0.19,62.857142857142854,89.99999999999999
663,664,19.0,10.4,664,6.0,0.25,0.26,0.32,76.0,41.6
664,665,23.6,23.8,665,6.0,0.25,0.26,0.32,94.4,95.2
665,666,15.0,18.6,666,6.0,0.25,0.26,0.32,60.0,74.4
666,667,32.8,33.2,667,6.0,0.25,0.26,0.32,131.2,132.8
667,668,7.4,3.8,668,6.0,0.25,0.26,0.32,29.6,15.2
668,669,8.4,6.6,669,6.0,0.25,0.26,0.32,33.6,26.4
669,670,8.6,9.8,670,5.0,0.14,0.13,0.19,61.42857142857142,70.0
670,671,8.8,5.6,671,5.0,0.14,0.13,0.19,62.857142857142854,39.99999999999999
671,672,23.0,22.8,672,6.0,0.25,0.26,0.32,92.0,91.2
672,673,25.2,34.2,673,6.0,0.25,0.26,0.32,100.8,136.8
673,674,1.4,1.2,674,1.0,0.08,0.07,0.1,17.5,15.0
674,675,2.4,1.8,675,1.0,0.08,0.07,0.1,30.0,22.5
675,676,2.2,2.4,676,1.0,0.08,0.07,0.1,27.5,30.0
676,677,2.6,1.8,677,1.0,0.08,0.07,0.1,32.5,22.5
677,678,5.8,9.0,678,6.0,0.25,0.26,0.32,23.2,36.0
678,679,18.6,15.8,679,6.0,0.25,0.26,0.32,74.4,63.2
679,680,9.8,8.4,680,5.0,0.14,0.13,0.19,70.0,60.0
680,681,5.2,7.0,681,5.0,0.14,0.13,0.19,37.14285714285714,49.99999999999999
681,682,11.8,7.6,682,5.0,0.14,0.13,0.19,84.28571428571428,54.28571428571428
682,683,18.2,16.8,683,5.0,0.14,0.13,0.19,129.99999999999997,120.0
683,684,20.4,32.4,684,6.0,0.25,0.26,0.32,81.6,129.6
684,685,24.4,27.8,685,6.0,0.25,0.26,0.32,97.6,111.2
685,686,6.6,3.8,686,2.0,0.2,0.17,0.22,32.99999999999999,18.999999999999996
686,687,7.6,6.0,687,2.0,0.2,0.17,0.22,37.99999999999999,30.0
687,688,1.6,2.0,688,1.0,0.08,0.07,0.1,20.0,25.0
688,689,2.6,2.6,689,1.0,0.08,0.07,0.1,32.5,32.5
689,690,45.2,75.8,690,6.0,0.25,0.26,0.32,180.8,303.2
690,691,38.6,39.8,691,6.0,0.25,0.26,0.32,154.4,159.2
691,692,18.0,37.6,692,6.0,0.25,0.26,0.32,72.0,150.4
692,693,33.0,47.2,693,6.0,0.25,0.26,0.32,132.0,188.8
693,694,29.6,34.8,694,6.0,0.25,0.26,0.32,118.4,139.2
694,695,6.6,4.8,695,5.0,0.14,0.13,0.19,47.14285714285714,34.285714285714285
695,696,11.0,6.4,696,5.0,0.14,0.13,0.19,78.57142857142857,45.714285714285715
696,697,2.2,3.6,697,2.0,0.2,0.17,0.22,11.0,18.0
697,698,6.4,4.6,698,2.0,0.2,0.17,0.22,32.0,22.999999999999996
698,699,11.6,5.0,699,6.0,0.25,0.26,0.32,46.4,20.0
699,700,9.4,4.8,700,6.0,0.25,0.26,0.32,37.6,19.2
700,701,7.6,3.0,701,6.0,0.25,0.26,0.32,30.4,12.0
701,702,17.6,6.0,702,6.0,0.25,0.26,0.32,70.4,24.0
702,703,16.4,10.2,703,6.0,0.25,0.26,0.32,65.6,40.8
703,704,12.4,17.6,704,3.0,0.19,0.2,0.25,65.26315789473685,92.63157894736842
704,705,11.8,10.0,705,5.0,0.14,0.13,0.19,84.28571428571428,71.42857142857142
705,706,6.2,7.4,706,5.0,0.14,0.13,0.19,44.285714285714285,52.857142857142854
706,707,14.8,3.0,707,6.0,0.25,0.26,0.32,59.2,12.0
707,708,5.0,3.8,708,6.0,0.25,0.26,0.32,20.0,15.2
708,709,8.4,6.8,709,2.0,0.2,0.17,0.22,42.0,34.0
709,710,6.2,4.0,710,2.0,0.2,0.17,0.22,31.0,20.0
710,711,14.0,11.0,711,6.0,0.25,0.26,0.32,56.0,44.0
711,712,29.0,8.2,712,3.0,0.19,0.2,0.25,152.6315789473684,43.1578947368421
712,713,41.6,16.6,713,3.0,0.19,0.2,0.25,218.94736842105263,87.36842105263159
713,714,6.8,6.2,714,2.0,0.2,0.17,0.22,34.0,31.0
714,715,12.6,8.2,715,2.0,0.2,0.17,0.22,62.99999999999999,40.99999999999999
715,716,0.8,0.8,716,2.0,0.2,0.17,0.22,4.0,4.0
716,717,3.0,2.4,717,2.0,0.2,0.17,0.22,15.0,11.999999999999998
717,718,14.8,9.4,718,2.0,0.2,0.17,0.22,74.0,47.0
718,719,1.8,0.6,719,2.0,0.2,0.17,0.22,9.0,2.9999999999999996
719,720,0.2,0.6,720,2.0,0.2,0.17,0.22,1.0,2.9999999999999996
720,721,1.0,0.8,721,2.0,0.2,0.17,0.22,5.0,4.0
721,722,4.6,3.4,722,1.0,0.08,0.07,0.1,57.49999999999999,42.5
722,723,9.0,8.4,723,6.0,0.25,0.26,0.32,36.0,33.6
723,724,9.2,5.6,724,6.0,0.25,0.26,0.32,36.8,22.4
724,725,2.6,4.8,725,6.0,0.25,0.26,0.32,10.4,19.2
725,726,35.2,53.8,726,6.0,0.25,0.26,0.32,140.8,215.2
726,727,24.0,23.4,727,6.0,0.25,0.26,0.32,96.0,93.6
727,728,2.2,1.4,728,1.0,0.08,0.07,0.1,27.5,17.5
728,729,5.2,3.4,729,1.0,0.08,0.07,0.1,65.0,42.5
729,730,16.8,29.6,730,6.0,0.25,0.26,0.32,67.2,118.4
730,731,40.8,42.8,731,6.0,0.25,0.26,0.32,163.2,171.2
731,732,7.2,7.4,732,6.0,0.25,0.26,0.32,28.8,29.6
732,733,12.2,13.2,733,3.0,0.19,0.2,0.25,64.21052631578947,69.47368421052632
733,734,26.6,5.2,734,3.0,0.19,0.2,0.25,140.0,27.36842105263158
734,735,32.4,17.8,735,3.0,0.19,0.2,0.25,170.52631578947367,93.6842105263158
735,736,16.8,27.4,736,3.0,0.19,0.2,0.25,88.42105263157895,144.21052631578945
736,737,0.2,0.4,737,1.0,0.08,0.07,0.1,2.5,5.0
737,738,4.6,4.8,738,1.0,0.08,0.07,0.1,57.49999999999999,60.0
738,739,1.8,1.0,739,1.0,0.08,0.07,0.1,22.5,12.5
739,740,24.6,69.8,740,6.0,0.25,0.26,0.32,98.4,279.2
740,741,5.6,8.8,741,6.0,0.25,0.26,0.32,22.4,35.2
741,742,66.0,106.8,742,6.0,0.25,0.26,0.32,264.0,427.2
742,743,37.2,59.4,743,6.0,0.25,0.26,0.32,148.8,237.6
743,744,22.2,29.2,744,6.0,0.25,0.26,0.32,88.8,116.8
744,745,20.0,26.2,745,6.0,0.25,0.26,0.32,80.0,104.8
745,746,20.6,16.2,746,3.0,0.19,0.2,0.25,108.42105263157896,85.26315789473684
746,747,7.0,17.8,747,3.0,0.19,0.2,0.25,36.8421052631579,93.6842105263158
747,748,8.4,5.6,748,3.0,0.19,0.2,0.25,44.21052631578947,29.473684210526315
748,749,3.4,10.2,749,3.0,0.19,0.2,0.25,17.894736842105264,53.68421052631579
749,750,2.6,3.6,750,3.0,0.19,0.2,0.25,13.68421052631579,18.94736842105263
750,751,3.6,3.6,751,3.0,0.19,0.2,0.25,18.94736842105263,18.94736842105263
751,752,18.2,14.4,752,3.0,0.19,0.2,0.25,95.78947368421052,75.78947368421052
752,753,12.0,21.6,753,3.0,0.19,0.2,0.25,63.1578947368421,113.6842105263158
753,754,9.6,9.4,754,3.0,0.19,0.2,0.25,50.526315789473685,49.473684210526315
754,755,0.6,0.8,755,2.0,0.2,0.17,0.22,2.9999999999999996,4.0
755,756,1.0,1.4,756,2.0,0.2,0.17,0.22,5.0,6.999999999999999
756,757,5.4,3.0,757,2.0,0.2,0.17,0.22,27.0,15.0
757,758,0.6,1.2,758,2.0,0.2,0.17,0.22,2.9999999999999996,5.999999999999999
758,759,0.2,0.4,759,2.0,0.2,0.17,0.22,1.0,2.0
759,760,15.6,7.0,760,3.0,0.19,0.2,0.25,82.10526315789474,36.8421052631579
760,761,40.8,12.4,761,3.0,0.19,0.2,0.25,214.73684210526315,65.26315789473685
761,762,35.2,35.4,762,6.0,0.25,0.26,0.32,140.8,141.6
762,763,24.2,21.4,763,6.0,0.25,0.26,0.32,96.8,85.6
763,764,24.0,52.0,764,6.0,0.25,0.26,0.32,96.0,208.0
764,765,10.6,10.6,765,6.0,0.25,0.26,0.32,42.4,42.4
765,766,11.0,8.8,766,6.0,0.25,0.26,0.32,44.0,35.2
766,767,22.2,15.6,767,6.0,0.25,0.26,0.32,88.8,62.4
767,768,10.0,24.6,768,6.0,0.25,0.26,0.32,40.0,98.4
768,769,4.4,2.8,769,2.0,0.2,0.17,0.22,22.0,13.999999999999998
769,770,16.0,11.8,770,2.0,0.2,0.17,0.22,80.0,59.0
770,771,12.6,4.8,771,3.0,0.19,0.2,0.25,66.3157894736842,25.263157894736842
771,772,38.4,16.0,772,3.0,0.19,0.2,0.25,202.10526315789474,84.21052631578948
772,773,19.2,25.4,773,6.0,0.25,0.26,0.32,76.8,101.6
773,774,18.0,25.8,774,6.0,0.25,0.26,0.32,72.0,103.2
774,775,18.8,20.4,775,6.0,0.25,0.26,0.32,75.2,81.6
775,776,25.0,32.6,776,6.0,0.25,0.26,0.32,100.0,130.4
776,777,14.0,11.6,777,6.0,0.25,0.26,0.32,56.0,46.4
777,778,6.0,3.8,778,6.0,0.25,0.26,0.32,24.0,15.2
778,779,6.4,7.2,779,6.0,0.25,0.26,0.32,25.6,28.8
779,780,18.6,30.2,780,6.0,0.25,0.26,0.32,74.4,120.8
780,781,5.6,9.8,781,6.0,0.25,0.26,0.32,22.4,39.2
781,782,13.8,7.8,782,3.0,0.19,0.2,0.25,72.63157894736842,41.05263157894737
782,783,31.8,37.6,783,3.0,0.19,0.2,0.25,167.3684210526316,197.89473684210526
783,784,3.4,11.0,784,3.0,0.19,0.2,0.25,17.894736842105264,57.89473684210526
784,785,29.8,22.4,785,3.0,0.19,0.2,0.25,156.8421052631579,117.89473684210526
785,786,14.0,33.8,786,3.0,0.19,0.2,0.25,73.6842105263158,177.89473684210526
786,787,20.2,31.2,787,3.0,0.19,0.2,0.25,106.3157894736842,164.21052631578948
787,788,9.2,13.8,788,3.0,0.19,0.2,0.25,48.421052631578945,72.63157894736842
788,789,18.2,42.0,789,3.0,0.19,0.2,0.25,95.78947368421052,221.05263157894737
789,790,23.2,35.6,790,3.0,0.19,0.2,0.25,122.10526315789473,187.3684210526316
790,791,13.0,13.2,791,3.0,0.19,0.2,0.25,68.42105263157895,69.47368421052632
791,792,5.2,3.2,792,3.0,0.19,0.2,0.25,27.36842105263158,16.842105263157894
792,793,4.2,7.6,793,3.0,0.19,0.2,0.25,22.105263157894736,40.0
793,794,10.2,8.0,794,2.0,0.2,0.17,0.22,50.99999999999999,40.0
794,795,5.2,3.8,795,2.0,0.2,0.17,0.22,26.0,18.999999999999996
795,796,2.2,1.6,796,2.0,0.2,0.17,0.22,11.0,8.0
796,797,12.0,16.6,797,3.0,0.19,0.2,0.25,63.1578947368421,87.36842105263159
797,798,9.8,12.2,798,3.0,0.19,0.2,0.25,51.578947368421055,64.21052631578947
798,799,10.8,14.8,799,3.0,0.19,0.2,0.25,56.8421052631579,77.89473684210526
799,800,8.0,19.0,800,3.0,0.19,0.2,0.25,42.10526315789474,100.0
800,801,7.8,15.6,801,3.0,0.19,0.2,0.25,41.05263157894737,82.10526315789474
801,802,9.6,18.8,802,3.0,0.19,0.2,0.25,50.526315789473685,98.94736842105263
802,803,9.2,8.6,803,3.0,0.19,0.2,0.25,48.421052631578945,45.26315789473684
803,804,6.6,12.8,804,3.0,0.19,0.2,0.25,34.73684210526316,67.36842105263158
804,805,5.2,14.2,805,3.0,0.19,0.2,0.25,27.36842105263158,74.73684210526315
805,806,19.8,36.8,806,3.0,0.19,0.2,0.25,104.21052631578948,193.68421052631578
806,807,5.4,6.2,807,3.0,0.19,0.2,0.25,28.42105263157895,32.631578947368425
807,808,13.6,23.8,808,3.0,0.19,0.2,0.25,71.57894736842105,125.26315789473685
808,809,8.2,11.6,809,3.0,0.19,0.2,0.25,43.1578947368421,61.05263157894736
809,810,4.2,6.6,810,3.0,0.19,0.2,0.25,22.105263157894736,34.73684210526316
810,811,6.0,12.0,811,3.0,0.19,0.2,0.25,31.57894736842105,63.1578947368421
811,812,6.6,9.8,812,3.0,0.19,0.2,0.25,34.73684210526316,51.578947368421055
812,813,22.8,40.8,813,3.0,0.19,0.2,0.25,120.0,214.73684210526315
813,814,7.4,7.6,814,3.0,0.19,0.2,0.25,38.94736842105263,40.0
814,815,21.0,18.0,815,2.0,0.2,0.17,0.22,105.0,90.0
815,816,14.0,6.8,816,2.0,0.2,0.17,0.22,70.0,34.0
816,817,4.0,6.2,817,2.0,0.2,0.17,0.22,20.0,31.0
817,818,2.6,2.6,818,2.0,0.2,0.17,0.22,13.0,13.0
818,819,10.0,8.0,819,2.0,0.2,0.17,0.22,50.0,40.0
819,820,9.4,4.6,820,2.0,0.2,0.17,0.22,47.0,22.999999999999996
820,821,22.0,29.0,821,3.0,0.19,0.2,0.25,115.78947368421052,152.6315789473684
821,822,3.4,3.0,822,3.0,0.19,0.2,0.25,17.894736842105264,15.789473684210526
822,823,0.4,1.4,823,3.0,0.19,0.2,0.25,2.1052631578947367,7.368421052631579
823,824,7.8,3.2,824,2.0,0.2,0.17,0.22,39.0,16.0
824,825,17.2,10.2,825,2.0,0.2,0.17,0.22,85.99999999999999,50.99999999999999
825,826,43.2,46.6,826,3.0,0.19,0.2,0.25,227.3684210526316,245.26315789473685
826,827,18.4,28.2,827,3.0,0.19,0.2,0.25,96.84210526315789,148.42105263157893
827,828,2.0,3.0,828,3.0,0.19,0.2,0.25,10.526315789473685,15.789473684210526
828,829,21.4,24.4,829,3.0,0.19,0.2,0.25,112.63157894736841,128.42105263157893
829,830,8.0,11.4,830,3.0,0.19,0.2,0.25,42.10526315789474,60.0
830,831,9.0,7.8,831,3.0,0.19,0.2,0.25,47.368421052631575,41.05263157894737
831,832,7.2,3.2,832,3.0,0.19,0.2,0.25,37.89473684210526,16.842105263157894
832,833,11.8,8.2,833,3.0,0.19,0.2,0.25,62.10526315789474,43.1578947368421
833,834,4.0,4.2,834,3.0,0.19,0.2,0.25,21.05263157894737,22.105263157894736
834,835,41.4,55.4,835,3.0,0.19,0.2,0.25,217.89473684210526,291.57894736842104
835,836,18.4,11.2,836,2.0,0.2,0.17,0.22,91.99999999999999,55.99999999999999
836,837,2.6,2.4,837,2.0,0.2,0.17,0.22,13.0,11.999999999999998
837,838,4.8,2.6,838,2.0,0.2,0.17,0.22,23.999999999999996,13.0
838,839,5.2,6.6,839,2.0,0.2,0.17,0.22,26.0,32.99999999999999
839,840,6.2,3.4,840,2.0,0.2,0.17,0.22,31.0,17.0
840,841,4.2,2.6,841,2.0,0.2,0.17,0.22,21.0,13.0
841,842,4.8,1.2,842,2.0,0.2,0.17,0.22,23.999999999999996,5.999999999999999
842,843,8.4,6.2,843,2.0,0.2,0.17,0.22,42.0,31.0
843,844,19.8,11.6,844,2.0,0.2,0.17,0.22,99.0,57.99999999999999
844,845,24.2,20.2,845,2.0,0.2,0.17,0.22,120.99999999999999,100.99999999999999
845,846,2.0,3.0,846,2.0,0.2,0.17,0.22,10.0,15.0
846,847,8.4,8.2,847,2.0,0.2,0.17,0.22,42.0,40.99999999999999
847,848,2.8,2.0,848,2.0,0.2,0.17,0.22,13.999999999999998,10.0
848,849,3.0,5.8,849,2.0,0.2,0.17,0.22,15.0,28.999999999999996
849,850,21.6,15.0,850,2.0,0.2,0.17,0.22,108.0,75.0
850,851,16.0,13.8,851,3.0,0.19,0.2,0.25,84.21052631578948,72.63157894736842
851,852,56.0,27.2,852,3.0,0.19,0.2,0.25,294.7368421052632,143.1578947368421
852,853,47.4,37.6,853,3.0,0.19,0.2,0.25,249.4736842105263,197.89473684210526
853,854,4.8,11.8,854,3.0,0.19,0.2,0.25,25.263157894736842,62.10526315789474
854,855,3.6,7.0,855,3.0,0.19,0.2,0.25,18.94736842105263,36.8421052631579
855,856,0.8,0.8,856,2.0,0.2,0.17,0.22,4.0,4.0
856,857,0.4,0.4,857,2.0,0.2,0.17,0.22,2.0,2.0
857,858,0.8,1.0,858,2.0,0.2,0.17,0.22,4.0,5.0
858,859,1.0,2.8,859,2.0,0.2,0.17,0.22,5.0,13.999999999999998
859,860,0.0,1.4,860,2.0,0.2,0.17,0.22,0.0,6.999999999999999
860,861,1.4,3.0,861,2.0,0.2,0.17,0.22,6.999999999999999,15.0
861,862,6.4,10.8,862,2.0,0.2,0.17,0.22,32.0,54.0
862,863,1.2,0.4,863,2.0,0.2,0.17,0.22,5.999999999999999,2.0
863,864,0.8,1.0,864,2.0,0.2,0.17,0.22,4.0,5.0
872,873,0.8,0.8,873,11.0,0.03,0.02,0.04,26.666666666666668,26.666666666666668
873,874,0.0,0.2,874,11.0,0.03,0.02,0.04,0.0,6.666666666666667
874,875,3.0,0.6,875,10.0,0.07,0.07,0.09,42.857142857142854,8.571428571428571
875,876,1.0,1.2,876,10.0,0.07,0.07,0.09,14.285714285714285,17.142857142857142
876,877,0.6,1.4,877,11.0,0.03,0.02,0.04,20.0,46.666666666666664
877,878,1.8,2.0,878,11.0,0.03,0.02,0.04,60.00000000000001,66.66666666666667
878,879,1.8,3.2,879,10.0,0.07,0.07,0.09,25.71428571428571,45.714285714285715
879,880,3.2,3.0,880,10.0,0.07,0.07,0.09,45.714285714285715,42.857142857142854
880,881,0.0,0.4,881,10.0,0.07,0.07,0.09,0.0,5.714285714285714
881,882,0.0,0.0,882,10.0,0.07,0.07,0.09,0.0,0.0
882,883,8.0,12.8,883,7.0,0.05,0.04,0.05,160.0,256.0
883,884,1.2,2.0,884,7.0,0.05,0.04,0.05,23.999999999999996,40.0
884,885,0.4,0.4,885,11.0,0.03,0.02,0.04,13.333333333333334,13.333333333333334
885,886,0.6,0.6,886,11.0,0.03,0.02,0.04,20.0,20.0
886,887,15.4,12.0,887,7.0,0.05,0.04,0.05,308.0,240.0
887,888,2.6,2.4,888,7.0,0.05,0.04,0.05,52.0,47.99999999999999
888,889,1.8,1.4,889,10.0,0.07,0.07,0.09,25.71428571428571,19.999999999999996
889,890,0.0,0.4,890,10.0,0.07,0.07,0.09,0.0,5.714285714285714
890,891,0.0,0.4,891,10.0,0.07,0.07,0.09,0.0,5.714285714285714
891,892,0.0,0.2,892,10.0,0.07,0.07,0.09,0.0,2.857142857142857
892,893,0.6,1.0,893,10.0,0.07,0.07,0.09,8.571428571428571,14.285714285714285
893,894,0.6,1.0,894,9.0,0.1,0.09,0.12,5.999999999999999,10.0
894,895,0.6,0.6,895,10.0,0.07,0.07,0.09,8.571428571428571,8.571428571428571
895,896,1.0,1.0,896,10.0,0.07,0.07,0.09,14.285714285714285,14.285714285714285
896,897,1.2,2.0,897,10.0,0.07,0.07,0.09,17.142857142857142,28.57142857142857
897,898,1.8,2.0,898,7.0,0.05,0.04,0.05,36.0,40.0
898,899,4.8,8.0,899,7.0,0.05,0.04,0.05,95.99999999999999,160.0
899,900,0.8,0.6,900,9.0,0.1,0.09,0.12,8.0,5.999999999999999
900,901,0.4,0.2,901,9.0,0.1,0.09,0.12,4.0,2.0
901,902,0.2,0.4,902,10.0,0.07,0.07,0.09,2.857142857142857,5.714285714285714
902,903,0.0,0.0,903,10.0,0.07,0.07,0.09,0.0,0.0
903,904,2.0,0.8,904,10.0,0.07,0.07,0.09,28.57142857142857,11.428571428571429
904,905,1.2,1.6,905,10.0,0.07,0.07,0.09,17.142857142857142,22.857142857142858
905,906,2.6,2.2,906,10.0,0.07,0.07,0.09,37.14285714285714,31.428571428571427
906,907,1.4,1.4,907,10.0,0.07,0.07,0.09,19.999999999999996,19.999999999999996
907,908,1.2,0.6,908,7.0,0.05,0.04,0.05,23.999999999999996,11.999999999999998
908,909,0.0,0.2,909,7.0,0.05,0.04,0.05,0.0,4.0
909,910,0.8,0.6,910,11.0,0.03,0.02,0.04,26.666666666666668,20.0
910,911,3.2,3.4,911,11.0,0.03,0.02,0.04,106.66666666666667,113.33333333333333
911,912,1.0,0.4,912,11.0,0.03,0.02,0.04,33.333333333333336,13.333333333333334
912,913,2.0,2.6,913,7.0,0.05,0.04,0.05,40.0,52.0
913,914,1.4,0.8,914,7.0,0.05,0.04,0.05,27.999999999999996,16.0
914,915,15.6,11.0,915,7.0,0.05,0.04,0.05,312.0,220.0
915,916,2.2,1.4,916,7.0,0.05,0.04,0.05,44.0,27.999999999999996
916,917,43.2,47.6,917,7.0,0.05,0.04,0.05,864.0,952.0
917,918,15.4,17.8,918,7.0,0.05,0.04,0.05,308.0,356.0
918,919,2.8,4.2,919,5.0,0.14,0.13,0.19,19.999999999999996,30.0
919,920,2.2,1.4,920,5.0,0.14,0.13,0.19,15.714285714285714,9.999999999999998
920,921,12.4,8.8,921,5.0,0.14,0.13,0.19,88.57142857142857,62.857142857142854
921,922,1.4,1.6,922,1.0,0.08,0.07,0.1,17.5,20.0
922,923,5.8,5.0,923,5.0,0.14,0.13,0.19,41.42857142857142,35.71428571428571
923,924,56.0,64.8,924,6.0,0.25,0.26,0.32,224.0,259.2
924,925,14.2,23.6,925,6.0,0.25,0.26,0.32,56.8,94.4
925,926,1.0,1.6,926,6.0,0.25,0.26,0.32,4.0,6.4
926,927,8.0,9.0,927,6.0,0.25,0.26,0.32,32.0,36.0
927,928,5.2,5.8,928,6.0,0.25,0.26,0.32,20.8,23.2
928,929,29.8,26.6,929,6.0,0.25,0.26,0.32,119.2,106.4
929,930,12.8,17.4,930,3.0,0.19,0.2,0.25,67.36842105263158,91.57894736842104
930,931,2.0,2.6,931,3.0,0.19,0.2,0.25,10.526315789473685,13.68421052631579
931,932,19.2,14.6,932,3.0,0.19,0.2,0.25,101.05263157894737,76.84210526315789
932,933,13.4,30.6,933,3.0,0.19,0.2,0.25,70.52631578947368,161.05263157894737
933,934,10.8,21.2,934,3.0,0.19,0.2,0.25,56.8421052631579,111.57894736842104
934,935,1.8,5.0,935,3.0,0.19,0.2,0.25,9.473684210526315,26.31578947368421
935,936,16.8,18.8,936,3.0,0.19,0.2,0.25,88.42105263157895,98.94736842105263
936,937,11.2,14.0,937,3.0,0.19,0.2,0.25,58.94736842105263,73.6842105263158
937,938,5.0,12.4,938,3.0,0.19,0.2,0.25,26.31578947368421,65.26315789473685
938,939,6.2,14.6,939,3.0,0.19,0.2,0.25,32.631578947368425,76.84210526315789
939,940,6.4,12.6,940,3.0,0.19,0.2,0.25,33.68421052631579,66.3157894736842
940,941,6.2,13.8,941,3.0,0.19,0.2,0.25,32.631578947368425,72.63157894736842
941,942,13.2,22.0,942,6.0,0.25,0.26,0.32,52.8,88.0
942,943,19.0,40.0,943,6.0,0.25,0.26,0.32,76.0,160.0
943,944,12.4,26.0,944,3.0,0.19,0.2,0.25,65.26315789473685,136.8421052631579
944,945,17.6,19.4,945,3.0,0.19,0.2,0.25,92.63157894736842,102.10526315789473
945,946,11.0,11.6,946,3.0,0.19,0.2,0.25,57.89473684210526,61.05263157894736
946,947,6.0,10.0,947,3.0,0.19,0.2,0.25,31.57894736842105,52.63157894736842
947,948,13.6,22.2,948,3.0,0.19,0.2,0.25,71.57894736842105,116.84210526315789
948,949,6.2,6.6,949,3.0,0.19,0.2,0.25,32.631578947368425,34.73684210526316
949,950,9.4,20.4,950,3.0,0.19,0.2,0.25,49.473684210526315,107.36842105263158
950,951,11.8,16.8,951,3.0,0.19,0.2,0.25,62.10526315789474,88.42105263157895
951,952,5.6,15.2,952,3.0,0.19,0.2,0.25,29.473684210526315,80.0
952,953,5.8,5.8,953,3.0,0.19,0.2,0.25,30.52631578947368,30.52631578947368
953,954,7.8,11.0,954,3.0,0.19,0.2,0.25,41.05263157894737,57.89473684210526
954,955,12.2,11.2,955,3.0,0.19,0.2,0.25,64.21052631578947,58.94736842105263
955,956,11.0,9.2,956,3.0,0.19,0.2,0.25,57.89473684210526,48.421052631578945
956,957,7.8,7.4,957,3.0,0.19,0.2,0.25,41.05263157894737,38.94736842105263
957,958,4.6,9.0,958,3.0,0.19,0.2,0.25,24.210526315789473,47.368421052631575
958,959,0.8,0.4,959,2.0,0.2,0.17,0.22,4.0,2.0
959,960,0.6,0.2,960,2.0,0.2,0.17,0.22,2.9999999999999996,1.0
960,961,1.8,1.2,961,2.0,0.2,0.17,0.22,9.0,5.999999999999999
961,962,10.8,10.8,962,2.0,0.2,0.17,0.22,54.0,54.0
962,963,6.2,7.8,963,2.0,0.2,0.17,0.22,31.0,39.0
963,964,27.2,32.4,964,2.0,0.2,0.17,0.22,136.0,161.99999999999997
964,965,6.4,10.6,965,2.0,0.2,0.17,0.22,32.0,52.99999999999999
965,966,1.8,3.2,966,2.0,0.2,0.17,0.22,9.0,16.0
966,967,1.4,0.8,967,2.0,0.2,0.17,0.22,6.999999999999999,4.0
967,968,1.0,2.4,968,2.0,0.2,0.17,0.22,5.0,11.999999999999998
968,969,0.0,0.0,969,2.0,0.2,0.17,0.22,0.0,0.0
969,970,0.4,1.0,970,2.0,0.2,0.17,0.22,2.0,5.0
970,971,3.2,3.4,971,2.0,0.2,0.17,0.22,16.0,17.0
971,972,1.2,0.4,972,2.0,0.2,0.17,0.22,5.999999999999999,2.0
972,973,1.8,2.4,973,2.0,0.2,0.17,0.22,9.0,11.999999999999998
973,974,6.6,7.2,974,2.0,0.2,0.17,0.22,32.99999999999999,36.0
974,975,1.0,1.6,975,2.0,0.2,0.17,0.22,5.0,8.0
975,976,2.6,2.4,976,2.0,0.2,0.17,0.22,13.0,11.999999999999998
976,977,0.0,0.0,977,2.0,0.2,0.17,0.22,0.0,0.0
977,978,0.0,0.0,978,2.0,0.2,0.17,0.22,0.0,0.0
978,979,2.4,3.0,979,2.0,0.2,0.17,0.22,11.999999999999998,15.0
979,980,1.4,1.6,980,2.0,0.2,0.17,0.22,6.999999999999999,8.0
980,981,7.2,9.0,981,6.0,0.25,0.26,0.32,28.8,36.0
