TAZ,distr,AMshare,PMshare,OPshare
1,10,0.07,0.07,0.09
2,11,0.03,0.02,0.04
3,10,0.07,0.07,0.09
4,11,0.03,0.02,0.04
5,10,0.07,0.07,0.09
6,10,0.07,0.07,0.09
7,10,0.07,0.07,0.09
8,11,0.03,0.02,0.04
9,11,0.03,0.02,0.04
10,11,0.03,0.02,0.04
11,11,0.03,0.02,0.04
12,10,0.07,0.07,0.09
13,11,0.03,0.02,0.04
14,11,0.03,0.02,0.04
15,10,0.07,0.07,0.09
16,11,0.03,0.02,0.04
17,10,0.07,0.07,0.09
18,10,0.07,0.07,0.09
19,11,0.03,0.02,0.04
20,11,0.03,0.02,0.04
21,11,0.03,0.02,0.04
22,11,0.03,0.02,0.04
23,10,0.07,0.07,0.09
24,11,0.03,0.02,0.04
25,11,0.03,0.02,0.04
26,11,0.03,0.02,0.04
27,10,0.07,0.07,0.09
28,11,0.03,0.02,0.04
29,11,0.03,0.02,0.04
30,10,0.07,0.07,0.09
31,7,0.05,0.04,0.05
32,11,0.03,0.02,0.04
33,11,0.03,0.02,0.04
34,7,0.05,0.04,0.05
35,11,0.03,0.02,0.04
36,10,0.07,0.07,0.09
37,11,0.03,0.02,0.04
38,11,0.03,0.02,0.04
39,11,0.03,0.02,0.04
40,11,0.03,0.02,0.04
41,11,0.03,0.02,0.04
42,11,0.03,0.02,0.04
43,11,0.03,0.02,0.04
44,10,0.07,0.07,0.09
45,11,0.03,0.02,0.04
46,11,0.03,0.02,0.04
47,11,0.03,0.02,0.04
48,11,0.03,0.02,0.04
49,9,0.10,0.09,0.12
50,11,0.03,0.02,0.04
51,9,0.10,0.09,0.12
52,7,0.05,0.04,0.05
53,7,0.05,0.04,0.05
54,7,0.05,0.04,0.05
55,11,0.03,0.02,0.04
56,11,0.03,0.02,0.04
57,9,0.10,0.09,0.12
58,11,0.03,0.02,0.04
59,7,0.05,0.04,0.05
60,9,0.10,0.09,0.12
61,11,0.03,0.02,0.04
62,11,0.03,0.02,0.04
63,9,0.10,0.09,0.12
64,9,0.10,0.09,0.12
65,7,0.05,0.04,0.05
66,11,0.03,0.02,0.04
67,10,0.07,0.07,0.09
68,10,0.07,0.07,0.09
69,11,0.03,0.02,0.04
70,9,0.10,0.09,0.12
71,7,0.05,0.04,0.05
72,11,0.03,0.02,0.04
73,7,0.05,0.04,0.05
74,10,0.07,0.07,0.09
75,9,0.10,0.09,0.12
76,10,0.07,0.07,0.09
77,11,0.03,0.02,0.04
78,8,0.10,0.08,0.12
79,9,0.10,0.09,0.12
80,8,0.10,0.08,0.12
81,7,0.05,0.04,0.05
82,7,0.05,0.04,0.05
83,7,0.05,0.04,0.05
84,7,0.05,0.04,0.05
85,7,0.05,0.04,0.05
86,7,0.05,0.04,0.05
87,9,0.10,0.09,0.12
88,9,0.10,0.09,0.12
89,10,0.07,0.07,0.09
90,9,0.10,0.09,0.12
91,7,0.05,0.04,0.05
92,9,0.10,0.09,0.12
93,4,0.04,0.03,0.05
94,8,0.10,0.08,0.12
95,8,0.10,0.08,0.12
96,9,0.10,0.09,0.12
97,8,0.10,0.08,0.12
98,9,0.10,0.09,0.12
99,4,0.04,0.03,0.05
100,9,0.10,0.09,0.12
101,8,0.10,0.08,0.12
102,9,0.10,0.09,0.12
103,7,0.05,0.04,0.05
104,8,0.10,0.08,0.12
105,9,0.10,0.09,0.12
106,4,0.04,0.03,0.05
107,8,0.10,0.08,0.12
108,9,0.10,0.09,0.12
109,7,0.05,0.04,0.05
110,4,0.04,0.03,0.05
111,4,0.04,0.03,0.05
112,4,0.04,0.03,0.05
113,8,0.10,0.08,0.12
114,9,0.10,0.09,0.12
115,7,0.05,0.04,0.05
116,9,0.10,0.09,0.12
117,7,0.05,0.04,0.05
118,7,0.05,0.04,0.05
119,8,0.10,0.08,0.12
120,8,0.10,0.08,0.12
121,7,0.05,0.04,0.05
122,7,0.05,0.04,0.05
123,8,0.10,0.08,0.12
124,9,0.10,0.09,0.12
125,9,0.10,0.09,0.12
126,9,0.10,0.09,0.12
127,8,0.10,0.08,0.12
128,8,0.10,0.08,0.12
129,9,0.10,0.09,0.12
130,9,0.10,0.09,0.12
131,4,0.04,0.03,0.05
132,4,0.04,0.03,0.05
133,9,0.10,0.09,0.12
134,9,0.10,0.09,0.12
135,9,0.10,0.09,0.12
136,4,0.04,0.03,0.05
137,8,0.10,0.08,0.12
138,8,0.10,0.08,0.12
139,8,0.10,0.08,0.12
140,8,0.10,0.08,0.12
141,9,0.10,0.09,0.12
142,8,0.10,0.08,0.12
143,8,0.10,0.08,0.12
144,8,0.10,0.08,0.12
145,7,0.05,0.04,0.05
146,9,0.10,0.09,0.12
147,8,0.10,0.08,0.12
148,10,0.07,0.07,0.09
149,9,0.10,0.09,0.12
150,9,0.10,0.09,0.12
151,7,0.05,0.04,0.05
152,10,0.07,0.07,0.09
153,4,0.04,0.03,0.05
154,7,0.05,0.04,0.05
155,4,0.04,0.03,0.05
156,8,0.10,0.08,0.12
157,9,0.10,0.09,0.12
158,9,0.10,0.09,0.12
159,8,0.10,0.08,0.12
160,4,0.04,0.03,0.05
161,8,0.10,0.08,0.12
162,8,0.10,0.08,0.12
163,4,0.04,0.03,0.05
164,8,0.10,0.08,0.12
165,8,0.10,0.08,0.12
166,10,0.07,0.07,0.09
167,8,0.10,0.08,0.12
168,4,0.04,0.03,0.05
169,7,0.05,0.04,0.05
170,9,0.10,0.09,0.12
171,9,0.10,0.09,0.12
172,4,0.04,0.03,0.05
173,8,0.10,0.08,0.12
174,4,0.04,0.03,0.05
175,4,0.04,0.03,0.05
176,9,0.10,0.09,0.12
177,8,0.10,0.08,0.12
178,8,0.10,0.08,0.12
179,8,0.10,0.08,0.12
180,7,0.05,0.04,0.05
181,8,0.10,0.08,0.12
182,4,0.04,0.03,0.05
183,8,0.10,0.08,0.12
184,4,0.04,0.03,0.05
185,9,0.10,0.09,0.12
186,9,0.10,0.09,0.12
187,4,0.04,0.03,0.05
188,9,0.10,0.09,0.12
189,10,0.07,0.07,0.09
190,8,0.10,0.08,0.12
191,9,0.10,0.09,0.12
192,4,0.04,0.03,0.05
193,4,0.04,0.03,0.05
194,4,0.04,0.03,0.05
195,5,0.14,0.13,0.19
196,8,0.10,0.08,0.12
197,10,0.07,0.07,0.09
198,4,0.04,0.03,0.05
199,8,0.10,0.08,0.12
200,7,0.05,0.04,0.05
201,8,0.10,0.08,0.12
202,8,0.10,0.08,0.12
203,7,0.05,0.04,0.05
204,8,0.10,0.08,0.12
205,9,0.10,0.09,0.12
206,4,0.04,0.03,0.05
207,4,0.04,0.03,0.05
208,4,0.04,0.03,0.05
209,10,0.07,0.07,0.09
210,5,0.14,0.13,0.19
211,5,0.14,0.13,0.19
212,8,0.10,0.08,0.12
213,5,0.14,0.13,0.19
214,10,0.07,0.07,0.09
215,5,0.14,0.13,0.19
216,4,0.04,0.03,0.05
217,8,0.10,0.08,0.12
218,4,0.04,0.03,0.05
219,4,0.04,0.03,0.05
220,4,0.04,0.03,0.05
221,8,0.10,0.08,0.12
222,5,0.14,0.13,0.19
223,9,0.10,0.09,0.12
224,5,0.14,0.13,0.19
225,5,0.14,0.13,0.19
226,5,0.14,0.13,0.19
227,5,0.14,0.13,0.19
228,5,0.14,0.13,0.19
229,5,0.14,0.13,0.19
230,9,0.10,0.09,0.12
231,8,0.10,0.08,0.12
232,8,0.10,0.08,0.12
233,5,0.14,0.13,0.19
234,8,0.10,0.08,0.12
235,5,0.14,0.13,0.19
236,9,0.10,0.09,0.12
237,5,0.14,0.13,0.19
238,8,0.10,0.08,0.12
239,5,0.14,0.13,0.19
240,5,0.14,0.13,0.19
241,5,0.14,0.13,0.19
242,8,0.10,0.08,0.12
243,5,0.14,0.13,0.19
244,5,0.14,0.13,0.19
245,5,0.14,0.13,0.19
246,5,0.14,0.13,0.19
247,5,0.14,0.13,0.19
248,5,0.14,0.13,0.19
249,5,0.14,0.13,0.19
250,1,0.08,0.07,0.10
251,1,0.08,0.07,0.10
252,5,0.14,0.13,0.19
253,5,0.14,0.13,0.19
254,5,0.14,0.13,0.19
255,5,0.14,0.13,0.19
256,5,0.14,0.13,0.19
257,1,0.08,0.07,0.10
258,5,0.14,0.13,0.19
259,5,0.14,0.13,0.19
260,1,0.08,0.07,0.10
261,1,0.08,0.07,0.10
262,1,0.08,0.07,0.10
263,1,0.08,0.07,0.10
264,1,0.08,0.07,0.10
265,5,0.14,0.13,0.19
266,1,0.08,0.07,0.10
267,5,0.14,0.13,0.19
268,5,0.14,0.13,0.19
269,1,0.08,0.07,0.10
270,1,0.08,0.07,0.10
271,1,0.08,0.07,0.10
272,5,0.14,0.13,0.19
273,1,0.08,0.07,0.10
274,1,0.08,0.07,0.10
275,5,0.14,0.13,0.19
276,1,0.08,0.07,0.10
277,5,0.14,0.13,0.19
278,5,0.14,0.13,0.19
279,1,0.08,0.07,0.10
280,1,0.08,0.07,0.10
281,5,0.14,0.13,0.19
282,1,0.08,0.07,0.10
283,5,0.14,0.13,0.19
284,1,0.08,0.07,0.10
285,1,0.08,0.07,0.10
286,6,0.25,0.26,0.32
287,1,0.08,0.07,0.10
288,1,0.08,0.07,0.10
289,1,0.08,0.07,0.10
290,5,0.14,0.13,0.19
291,1,0.08,0.07,0.10
292,5,0.14,0.13,0.19
293,1,0.08,0.07,0.10
294,1,0.08,0.07,0.10
295,1,0.08,0.07,0.10
296,6,0.25,0.26,0.32
297,1,0.08,0.07,0.10
298,1,0.08,0.07,0.10
299,6,0.25,0.26,0.32
300,6,0.25,0.26,0.32
301,5,0.14,0.13,0.19
302,6,0.25,0.26,0.32
303,5,0.14,0.13,0.19
304,6,0.25,0.26,0.32
305,,,,
306,1,0.08,0.07,0.10
307,1,0.08,0.07,0.10
308,6,0.25,0.26,0.32
309,1,0.08,0.07,0.10
310,5,0.14,0.13,0.19
311,2,0.20,0.17,0.22
312,1,0.08,0.07,0.10
313,,,,
314,1,0.08,0.07,0.10
315,1,0.08,0.07,0.10
316,1,0.08,0.07,0.10
317,2,0.20,0.17,0.22
318,5,0.14,0.13,0.19
319,3,0.19,0.20,0.25
320,2,0.20,0.17,0.22
321,5,0.14,0.13,0.19
322,3,0.19,0.20,0.25
323,2,0.20,0.17,0.22
324,1,0.08,0.07,0.10
325,5,0.14,0.13,0.19
326,5,0.14,0.13,0.19
327,3,0.19,0.20,0.25
328,2,0.20,0.17,0.22
329,2,0.20,0.17,0.22
330,2,0.20,0.17,0.22
331,2,0.20,0.17,0.22
332,3,0.19,0.20,0.25
333,3,0.19,0.20,0.25
334,3,0.19,0.20,0.25
335,2,0.20,0.17,0.22
336,2,0.20,0.17,0.22
337,2,0.20,0.17,0.22
338,2,0.20,0.17,0.22
339,3,0.19,0.20,0.25
340,2,0.20,0.17,0.22
341,3,0.19,0.20,0.25
342,2,0.20,0.17,0.22
343,3,0.19,0.20,0.25
344,3,0.19,0.20,0.25
345,3,0.19,0.20,0.25
346,3,0.19,0.20,0.25
347,2,0.20,0.17,0.22
348,3,0.19,0.20,0.25
349,2,0.20,0.17,0.22
350,2,0.20,0.17,0.22
351,3,0.19,0.20,0.25
352,3,0.19,0.20,0.25
353,2,0.20,0.17,0.22
354,3,0.19,0.20,0.25
355,3,0.19,0.20,0.25
356,2,0.20,0.17,0.22
357,3,0.19,0.20,0.25
358,3,0.19,0.20,0.25
359,2,0.20,0.17,0.22
360,2,0.20,0.17,0.22
361,3,0.19,0.20,0.25
362,3,0.19,0.20,0.25
363,2,0.20,0.17,0.22
364,3,0.19,0.20,0.25
365,2,0.20,0.17,0.22
366,2,0.20,0.17,0.22
367,3,0.19,0.20,0.25
368,2,0.20,0.17,0.22
369,2,0.20,0.17,0.22
370,2,0.20,0.17,0.22
371,3,0.19,0.20,0.25
372,3,0.19,0.20,0.25
373,3,0.19,0.20,0.25
374,3,0.19,0.20,0.25
375,2,0.20,0.17,0.22
376,3,0.19,0.20,0.25
377,2,0.20,0.17,0.22
378,2,0.20,0.17,0.22
379,2,0.20,0.17,0.22
380,2,0.20,0.17,0.22
381,3,0.19,0.20,0.25
382,3,0.19,0.20,0.25
383,2,0.20,0.17,0.22
384,,,,
385,,,,
386,10,0.07,0.07,0.09
387,10,0.07,0.07,0.09
388,10,0.07,0.07,0.09
389,10,0.07,0.07,0.09
390,7,0.05,0.04,0.05
391,8,0.10,0.08,0.12
392,7,0.05,0.04,0.05
393,7,0.05,0.04,0.05
394,7,0.05,0.04,0.05
395,7,0.05,0.04,0.05
396,7,0.05,0.04,0.05
397,7,0.05,0.04,0.05
398,10,0.07,0.07,0.09
399,10,0.07,0.07,0.09
400,7,0.05,0.04,0.05
401,7,0.05,0.04,0.05
402,7,0.05,0.04,0.05
403,8,0.10,0.08,0.12
404,8,0.10,0.08,0.12
405,7,0.05,0.04,0.05
406,10,0.07,0.07,0.09
407,10,0.07,0.07,0.09
408,10,0.07,0.07,0.09
409,10,0.07,0.07,0.09
410,10,0.07,0.07,0.09
411,10,0.07,0.07,0.09
412,9,0.10,0.09,0.12
413,9,0.10,0.09,0.12
414,4,0.04,0.03,0.05
415,4,0.04,0.03,0.05
416,4,0.04,0.03,0.05
417,4,0.04,0.03,0.05
418,4,0.04,0.03,0.05
419,4,0.04,0.03,0.05
420,7,0.05,0.04,0.05
421,7,0.05,0.04,0.05
422,4,0.04,0.03,0.05
423,4,0.04,0.03,0.05
424,4,0.04,0.03,0.05
425,4,0.04,0.03,0.05
426,4,0.04,0.03,0.05
427,4,0.04,0.03,0.05
428,10,0.07,0.07,0.09
429,10,0.07,0.07,0.09
430,7,0.05,0.04,0.05
431,7,0.05,0.04,0.05
432,9,0.10,0.09,0.12
433,9,0.10,0.09,0.12
434,4,0.04,0.03,0.05
435,4,0.04,0.03,0.05
436,7,0.05,0.04,0.05
437,7,0.05,0.04,0.05
438,4,0.04,0.03,0.05
439,4,0.04,0.03,0.05
440,7,0.05,0.04,0.05
441,7,0.05,0.04,0.05
442,7,0.05,0.04,0.05
443,10,0.07,0.07,0.09
444,10,0.07,0.07,0.09
445,10,0.07,0.07,0.09
446,10,0.07,0.07,0.09
447,9,0.10,0.09,0.12
448,9,0.10,0.09,0.12
449,4,0.04,0.03,0.05
450,4,0.04,0.03,0.05
451,4,0.04,0.03,0.05
452,4,0.04,0.03,0.05
453,9,0.10,0.09,0.12
454,9,0.10,0.09,0.12
455,8,0.10,0.08,0.12
456,8,0.10,0.08,0.12
457,8,0.10,0.08,0.12
458,4,0.04,0.03,0.05
459,4,0.04,0.03,0.05
460,8,0.10,0.08,0.12
461,8,0.10,0.08,0.12
462,8,0.10,0.08,0.12
463,8,0.10,0.08,0.12
464,9,0.10,0.09,0.12
465,9,0.10,0.09,0.12
466,10,0.07,0.07,0.09
467,9,0.10,0.09,0.12
468,4,0.04,0.03,0.05
469,4,0.04,0.03,0.05
470,4,0.04,0.03,0.05
471,4,0.04,0.03,0.05
472,4,0.04,0.03,0.05
473,4,0.04,0.03,0.05
474,4,0.04,0.03,0.05
475,4,0.04,0.03,0.05
476,4,0.04,0.03,0.05
477,8,0.10,0.08,0.12
478,8,0.10,0.08,0.12
479,7,0.05,0.04,0.05
480,7,0.05,0.04,0.05
481,7,0.05,0.04,0.05
482,7,0.05,0.04,0.05
483,10,0.07,0.07,0.09
484,10,0.07,0.07,0.09
485,10,0.07,0.07,0.09
486,10,0.07,0.07,0.09
487,10,0.07,0.07,0.09
488,10,0.07,0.07,0.09
489,10,0.07,0.07,0.09
490,10,0.07,0.07,0.09
491,10,0.07,0.07,0.09
492,10,0.07,0.07,0.09
493,10,0.07,0.07,0.09
494,10,0.07,0.07,0.09
495,10,0.07,0.07,0.09
496,4,0.04,0.03,0.05
497,4,0.04,0.03,0.05
498,4,0.04,0.03,0.05
499,4,0.04,0.03,0.05
500,7,0.05,0.04,0.05
501,7,0.05,0.04,0.05
502,7,0.05,0.04,0.05
503,7,0.05,0.04,0.05
504,4,0.04,0.03,0.05
505,4,0.04,0.03,0.05
506,4,0.04,0.03,0.05
507,4,0.04,0.03,0.05
508,4,0.04,0.03,0.05
509,4,0.04,0.03,0.05
510,4,0.04,0.03,0.05
511,4,0.04,0.03,0.05
512,4,0.04,0.03,0.05
513,7,0.05,0.04,0.05
514,7,0.05,0.04,0.05
515,4,0.04,0.03,0.05
516,4,0.04,0.03,0.05
517,7,0.05,0.04,0.05
518,7,0.05,0.04,0.05
519,10,0.07,0.07,0.09
520,10,0.07,0.07,0.09
521,10,0.07,0.07,0.09
522,10,0.07,0.07,0.09
523,7,0.05,0.04,0.05
524,7,0.05,0.04,0.05
525,4,0.04,0.03,0.05
526,4,0.04,0.03,0.05
527,7,0.05,0.04,0.05
528,7,0.05,0.04,0.05
529,7,0.05,0.04,0.05
530,7,0.05,0.04,0.05
531,4,0.04,0.03,0.05
532,4,0.04,0.03,0.05
533,8,0.10,0.08,0.12
534,8,0.10,0.08,0.12
535,10,0.07,0.07,0.09
536,10,0.07,0.07,0.09
537,9,0.10,0.09,0.12
538,10,0.07,0.07,0.09
539,10,0.07,0.07,0.09
540,10,0.07,0.07,0.09
541,4,0.04,0.03,0.05
542,4,0.04,0.03,0.05
543,10,0.07,0.07,0.09
544,10,0.07,0.07,0.09
545,7,0.05,0.04,0.05
546,5,0.14,0.13,0.19
547,7,0.05,0.04,0.05
548,4,0.04,0.03,0.05
549,4,0.04,0.03,0.05
550,4,0.04,0.03,0.05
551,4,0.04,0.03,0.05
552,4,0.04,0.03,0.05
553,5,0.14,0.13,0.19
554,8,0.10,0.08,0.12
555,4,0.04,0.03,0.05
556,4,0.04,0.03,0.05
557,6,0.25,0.26,0.32
558,10,0.07,0.07,0.09
559,10,0.07,0.07,0.09
560,8,0.10,0.08,0.12
561,8,0.10,0.08,0.12
562,8,0.10,0.08,0.12
563,8,0.10,0.08,0.12
564,8,0.10,0.08,0.12
565,8,0.10,0.08,0.12
566,8,0.10,0.08,0.12
567,8,0.10,0.08,0.12
568,9,0.10,0.09,0.12
569,10,0.07,0.07,0.09
570,10,0.07,0.07,0.09
571,10,0.07,0.07,0.09
572,10,0.07,0.07,0.09
573,10,0.07,0.07,0.09
574,8,0.10,0.08,0.12
575,5,0.14,0.13,0.19
576,1,0.08,0.07,0.10
577,1,0.08,0.07,0.10
578,6,0.25,0.26,0.32
579,6,0.25,0.26,0.32
580,1,0.08,0.07,0.10
581,1,0.08,0.07,0.10
582,1,0.08,0.07,0.10
583,1,0.08,0.07,0.10
584,1,0.08,0.07,0.10
585,5,0.14,0.13,0.19
586,1,0.08,0.07,0.10
587,5,0.14,0.13,0.19
588,5,0.14,0.13,0.19
589,6,0.25,0.26,0.32
590,9,0.10,0.09,0.12
591,6,0.25,0.26,0.32
592,9,0.10,0.09,0.12
593,1,0.08,0.07,0.10
594,1,0.08,0.07,0.10
595,6,0.25,0.26,0.32
596,6,0.25,0.26,0.32
597,6,0.25,0.26,0.32
598,6,0.25,0.26,0.32
599,6,0.25,0.26,0.32
600,6,0.25,0.26,0.32
601,6,0.25,0.26,0.32
602,6,0.25,0.26,0.32
603,6,0.25,0.26,0.32
604,6,0.25,0.26,0.32
605,6,0.25,0.26,0.32
606,10,0.07,0.07,0.09
607,10,0.07,0.07,0.09
608,6,0.25,0.26,0.32
609,6,0.25,0.26,0.32
610,5,0.14,0.13,0.19
611,5,0.14,0.13,0.19
612,1,0.08,0.07,0.10
613,1,0.08,0.07,0.10
614,1,0.08,0.07,0.10
615,1,0.08,0.07,0.10
616,1,0.08,0.07,0.10
617,1,0.08,0.07,0.10
618,5,0.14,0.13,0.19
619,5,0.14,0.13,0.19
620,6,0.25,0.26,0.32
621,6,0.25,0.26,0.32
622,6,0.25,0.26,0.32
623,6,0.25,0.26,0.32
624,1,0.08,0.07,0.10
625,1,0.08,0.07,0.10
626,6,0.25,0.26,0.32
627,6,0.25,0.26,0.32
628,6,0.25,0.26,0.32
629,6,0.25,0.26,0.32
630,6,0.25,0.26,0.32
631,6,0.25,0.26,0.32
632,6,0.25,0.26,0.32
633,6,0.25,0.26,0.32
634,1,0.08,0.07,0.10
635,1,0.08,0.07,0.10
636,1,0.08,0.07,0.10
637,1,0.08,0.07,0.10
638,6,0.25,0.26,0.32
639,6,0.25,0.26,0.32
640,6,0.25,0.26,0.32
641,6,0.25,0.26,0.32
642,6,0.25,0.26,0.32
643,6,0.25,0.26,0.32
644,6,0.25,0.26,0.32
645,6,0.25,0.26,0.32
646,6,0.25,0.26,0.32
647,6,0.25,0.26,0.32
648,6,0.25,0.26,0.32
649,6,0.25,0.26,0.32
650,6,0.25,0.26,0.32
651,10,0.07,0.07,0.09
652,6,0.25,0.26,0.32
653,6,0.25,0.26,0.32
654,6,0.25,0.26,0.32
655,6,0.25,0.26,0.32
656,6,0.25,0.26,0.32
657,6,0.25,0.26,0.32
658,1,0.08,0.07,0.10
659,1,0.08,0.07,0.10
660,1,0.08,0.07,0.10
661,1,0.08,0.07,0.10
662,2,0.20,0.17,0.22
663,5,0.14,0.13,0.19
664,6,0.25,0.26,0.32
665,6,0.25,0.26,0.32
666,6,0.25,0.26,0.32
667,6,0.25,0.26,0.32
668,6,0.25,0.26,0.32
669,6,0.25,0.26,0.32
670,5,0.14,0.13,0.19
671,5,0.14,0.13,0.19
672,6,0.25,0.26,0.32
673,6,0.25,0.26,0.32
674,1,0.08,0.07,0.10
675,1,0.08,0.07,0.10
676,1,0.08,0.07,0.10
677,1,0.08,0.07,0.10
678,6,0.25,0.26,0.32
679,6,0.25,0.26,0.32
680,5,0.14,0.13,0.19
681,5,0.14,0.13,0.19
682,5,0.14,0.13,0.19
683,5,0.14,0.13,0.19
684,6,0.25,0.26,0.32
685,6,0.25,0.26,0.32
686,2,0.20,0.17,0.22
687,2,0.20,0.17,0.22
688,1,0.08,0.07,0.10
689,1,0.08,0.07,0.10
690,6,0.25,0.26,0.32
691,6,0.25,0.26,0.32
692,6,0.25,0.26,0.32
693,6,0.25,0.26,0.32
694,6,0.25,0.26,0.32
695,5,0.14,0.13,0.19
696,5,0.14,0.13,0.19
697,2,0.20,0.17,0.22
698,2,0.20,0.17,0.22
699,6,0.25,0.26,0.32
700,6,0.25,0.26,0.32
701,6,0.25,0.26,0.32
702,6,0.25,0.26,0.32
703,6,0.25,0.26,0.32
704,3,0.19,0.20,0.25
705,5,0.14,0.13,0.19
706,5,0.14,0.13,0.19
707,6,0.25,0.26,0.32
708,6,0.25,0.26,0.32
709,2,0.20,0.17,0.22
710,2,0.20,0.17,0.22
711,6,0.25,0.26,0.32
712,3,0.19,0.20,0.25
713,3,0.19,0.20,0.25
714,2,0.20,0.17,0.22
715,2,0.20,0.17,0.22
716,2,0.20,0.17,0.22
717,2,0.20,0.17,0.22
718,2,0.20,0.17,0.22
719,2,0.20,0.17,0.22
720,2,0.20,0.17,0.22
721,2,0.20,0.17,0.22
722,1,0.08,0.07,0.10
723,6,0.25,0.26,0.32
724,6,0.25,0.26,0.32
725,6,0.25,0.26,0.32
726,6,0.25,0.26,0.32
727,6,0.25,0.26,0.32
728,1,0.08,0.07,0.10
729,1,0.08,0.07,0.10
730,6,0.25,0.26,0.32
731,6,0.25,0.26,0.32
732,6,0.25,0.26,0.32
733,3,0.19,0.20,0.25
734,3,0.19,0.20,0.25
735,3,0.19,0.20,0.25
736,3,0.19,0.20,0.25
737,1,0.08,0.07,0.10
738,1,0.08,0.07,0.10
739,1,0.08,0.07,0.10
740,6,0.25,0.26,0.32
741,6,0.25,0.26,0.32
742,6,0.25,0.26,0.32
743,6,0.25,0.26,0.32
744,6,0.25,0.26,0.32
745,6,0.25,0.26,0.32
746,3,0.19,0.20,0.25
747,3,0.19,0.20,0.25
748,3,0.19,0.20,0.25
749,3,0.19,0.20,0.25
750,3,0.19,0.20,0.25
751,3,0.19,0.20,0.25
752,3,0.19,0.20,0.25
753,3,0.19,0.20,0.25
754,3,0.19,0.20,0.25
755,2,0.20,0.17,0.22
756,2,0.20,0.17,0.22
757,2,0.20,0.17,0.22
758,2,0.20,0.17,0.22
759,2,0.20,0.17,0.22
760,3,0.19,0.20,0.25
761,3,0.19,0.20,0.25
762,6,0.25,0.26,0.32
763,6,0.25,0.26,0.32
764,6,0.25,0.26,0.32
765,6,0.25,0.26,0.32
766,6,0.25,0.26,0.32
767,6,0.25,0.26,0.32
769,2,0.20,0.17,0.22
770,2,0.20,0.17,0.22
771,3,0.19,0.20,0.25
772,3,0.19,0.20,0.25
773,6,0.25,0.26,0.32
774,6,0.25,0.26,0.32
775,6,0.25,0.26,0.32
776,6,0.25,0.26,0.32
777,6,0.25,0.26,0.32
778,6,0.25,0.26,0.32
779,6,0.25,0.26,0.32
780,6,0.25,0.26,0.32
781,6,0.25,0.26,0.32
782,3,0.19,0.20,0.25
783,3,0.19,0.20,0.25
784,3,0.19,0.20,0.25
785,3,0.19,0.20,0.25
786,3,0.19,0.20,0.25
787,3,0.19,0.20,0.25
788,3,0.19,0.20,0.25
789,3,0.19,0.20,0.25
790,3,0.19,0.20,0.25
791,3,0.19,0.20,0.25
792,3,0.19,0.20,0.25
793,3,0.19,0.20,0.25
794,2,0.20,0.17,0.22
795,2,0.20,0.17,0.22
796,2,0.20,0.17,0.22
797,3,0.19,0.20,0.25
798,3,0.19,0.20,0.25
799,3,0.19,0.20,0.25
800,3,0.19,0.20,0.25
801,3,0.19,0.20,0.25
802,3,0.19,0.20,0.25
803,3,0.19,0.20,0.25
804,3,0.19,0.20,0.25
805,3,0.19,0.20,0.25
806,3,0.19,0.20,0.25
807,3,0.19,0.20,0.25
809,3,0.19,0.20,0.25
810,3,0.19,0.20,0.25
811,3,0.19,0.20,0.25
812,3,0.19,0.20,0.25
813,3,0.19,0.20,0.25
814,3,0.19,0.20,0.25
815,2,0.20,0.17,0.22
816,2,0.20,0.17,0.22
817,2,0.20,0.17,0.22
818,2,0.20,0.17,0.22
819,2,0.20,0.17,0.22
820,2,0.20,0.17,0.22
821,3,0.19,0.20,0.25
822,3,0.19,0.20,0.25
823,3,0.19,0.20,0.25
824,2,0.20,0.17,0.22
825,2,0.20,0.17,0.22
826,3,0.19,0.20,0.25
827,3,0.19,0.20,0.25
828,3,0.19,0.20,0.25
829,3,0.19,0.20,0.25
830,3,0.19,0.20,0.25
831,3,0.19,0.20,0.25
832,3,0.19,0.20,0.25
833,3,0.19,0.20,0.25
834,3,0.19,0.20,0.25
835,3,0.19,0.20,0.25
836,2,0.20,0.17,0.22
837,2,0.20,0.17,0.22
838,2,0.20,0.17,0.22
839,2,0.20,0.17,0.22
840,2,0.20,0.17,0.22
841,2,0.20,0.17,0.22
842,2,0.20,0.17,0.22
843,2,0.20,0.17,0.22
844,2,0.20,0.17,0.22
845,2,0.20,0.17,0.22
846,2,0.20,0.17,0.22
847,2,0.20,0.17,0.22
848,2,0.20,0.17,0.22
849,2,0.20,0.17,0.22
850,2,0.20,0.17,0.22
851,3,0.19,0.20,0.25
852,3,0.19,0.20,0.25
853,3,0.19,0.20,0.25
854,3,0.19,0.20,0.25
855,3,0.19,0.20,0.25
856,2,0.20,0.17,0.22
857,2,0.20,0.17,0.22
858,2,0.20,0.17,0.22
859,2,0.20,0.17,0.22
860,2,0.20,0.17,0.22
861,2,0.20,0.17,0.22
862,2,0.20,0.17,0.22
863,2,0.20,0.17,0.22
864,2,0.20,0.17,0.22
865,,,,
866,,,,
867,,,,
868,,,,
869,,,,
870,,,,
871,,,,
872,,,,
873,11,0.03,0.02,0.04
874,11,0.03,0.02,0.04
875,10,0.07,0.07,0.09
876,10,0.07,0.07,0.09
877,11,0.03,0.02,0.04
878,11,0.03,0.02,0.04
879,10,0.07,0.07,0.09
880,10,0.07,0.07,0.09
881,10,0.07,0.07,0.09
882,10,0.07,0.07,0.09
883,7,0.05,0.04,0.05
884,7,0.05,0.04,0.05
885,11,0.03,0.02,0.04
886,11,0.03,0.02,0.04
887,7,0.05,0.04,0.05
888,7,0.05,0.04,0.05
889,10,0.07,0.07,0.09
890,10,0.07,0.07,0.09
891,10,0.07,0.07,0.09
892,10,0.07,0.07,0.09
893,10,0.07,0.07,0.09
894,9,0.10,0.09,0.12
895,10,0.07,0.07,0.09
896,10,0.07,0.07,0.09
897,10,0.07,0.07,0.09
898,7,0.05,0.04,0.05
899,7,0.05,0.04,0.05
900,9,0.10,0.09,0.12
901,9,0.10,0.09,0.12
902,10,0.07,0.07,0.09
903,10,0.07,0.07,0.09
904,10,0.07,0.07,0.09
905,10,0.07,0.07,0.09
906,10,0.07,0.07,0.09
907,10,0.07,0.07,0.09
908,7,0.05,0.04,0.05
909,7,0.05,0.04,0.05
910,11,0.03,0.02,0.04
911,11,0.03,0.02,0.04
912,11,0.03,0.02,0.04
913,7,0.05,0.04,0.05
914,7,0.05,0.04,0.05
915,7,0.05,0.04,0.05
916,7,0.05,0.04,0.05
917,7,0.05,0.04,0.05
918,7,0.05,0.04,0.05
919,5,0.14,0.13,0.19
920,5,0.14,0.13,0.19
921,5,0.14,0.13,0.19
922,1,0.08,0.07,0.10
923,5,0.14,0.13,0.19
924,6,0.25,0.26,0.32
925,6,0.25,0.26,0.32
926,6,0.25,0.26,0.32
927,6,0.25,0.26,0.32
928,6,0.25,0.26,0.32
929,6,0.25,0.26,0.32
930,3,0.19,0.20,0.25
931,3,0.19,0.20,0.25
932,3,0.19,0.20,0.25
933,3,0.19,0.20,0.25
934,3,0.19,0.20,0.25
935,3,0.19,0.20,0.25
936,3,0.19,0.20,0.25
937,3,0.19,0.20,0.25
938,3,0.19,0.20,0.25
939,3,0.19,0.20,0.25
940,3,0.19,0.20,0.25
941,3,0.19,0.20,0.25
942,6,0.25,0.26,0.32
943,6,0.25,0.26,0.32
944,3,0.19,0.20,0.25
945,3,0.19,0.20,0.25
946,3,0.19,0.20,0.25
947,3,0.19,0.20,0.25
948,3,0.19,0.20,0.25
949,3,0.19,0.20,0.25
950,3,0.19,0.20,0.25
951,3,0.19,0.20,0.25
952,3,0.19,0.20,0.25
953,3,0.19,0.20,0.25
954,3,0.19,0.20,0.25
955,3,0.19,0.20,0.25
956,3,0.19,0.20,0.25
957,3,0.19,0.20,0.25
959,2,0.20,0.17,0.22
960,2,0.20,0.17,0.22
961,2,0.20,0.17,0.22
962,2,0.20,0.17,0.22
963,2,0.20,0.17,0.22
964,2,0.20,0.17,0.22
965,2,0.20,0.17,0.22
966,2,0.20,0.17,0.22
967,2,0.20,0.17,0.22
968,2,0.20,0.17,0.22
969,2,0.20,0.17,0.22
970,2,0.20,0.17,0.22
971,2,0.20,0.17,0.22
972,2,0.20,0.17,0.22
973,2,0.20,0.17,0.22
974,2,0.20,0.17,0.22
975,2,0.20,0.17,0.22
976,2,0.20,0.17,0.22
977,2,0.20,0.17,0.22
978,2,0.20,0.17,0.22
979,2,0.20,0.17,0.22
980,2,0.20,0.17,0.22
768,6,0.25,0.26,0.32
981,6,0.25,0.26,0.32
808,3,0.19,0.20,0.25
958,3,0.19,0.20,0.25
